{
    "2012-08": {
        "min": 53.99546847435737,
        "avg": 56.143237231557805,
        "max": 59.889592757686486
    },
    "2012-09": {
        "min": 49.776613159179654,
        "avg": 52.8439173235212,
        "max": 55.41179199218751
    },
    "2012-10": {
        "min": 43.602600530809,
        "avg": 46.55898818336871,
        "max": 48.968014861076114
    },
    "2012-11": {
        "min": 36.82170349121089,
        "avg": 41.31760750906805,
        "max": 45.79074768066402
    },
    "2012-12": {
        "min": 22.539550229964647,
        "avg": 36.74114718529485,
        "max": 43.32039365706905
    },
    "2013-01": {
        "min": 25.196664566532224,
        "avg": 34.857441785961775,
        "max": 42.87829495337697
    },
    "2013-02": {
        "min": 26.69609976632257,
        "avg": 36.978511053591355,
        "max": 42.019887128557485
    },
    "2013-03": {
        "min": 30.49430565618698,
        "avg": 39.248227854082636,
        "max": 44.27446765530492
    },
    "2013-04": {
        "min": 40.241952514648446,
        "avg": 43.21190133231025,
        "max": 48.66108337402343
    },
    "2013-05": {
        "min": 44.47481929655999,
        "avg": 47.79605143041654,
        "max": 51.750337898500476
    },
    "2013-06": {
        "min": 49.131801757812454,
        "avg": 52.21076851981023,
        "max": 54.80195739746088
    },
    "2013-07": {
        "min": 47.065686074533716,
        "avg": 55.02038412208379,
        "max": 57.43363631709931
    },
    "2013-08": {
        "min": 54.14173016948087,
        "avg": 55.97880497664348,
        "max": 59.69233500819046
    },
    "2013-09": {
        "min": 49.6887756347656,
        "avg": 53.22075073242184,
        "max": 55.89368347167968
    },
    "2013-10": {
        "min": 42.66023051600296,
        "avg": 47.02692838466659,
        "max": 51.68345774004536
    },
    "2013-11": {
        "min": 31.643588867187493,
        "avg": 41.20303928920199,
        "max": 45.92065917968747
    },
    "2013-12": {
        "min": 24.674349719632044,
        "avg": 36.45607390935518,
        "max": 43.35773476877516
    },
    "2014-01": {
        "min": 26.863701644405236,
        "avg": 37.9995119268883,
        "max": 46.36947005733368
    },
    "2014-02": {
        "min": 31.799527762276778,
        "avg": 38.46350434595222,
        "max": 47.39801648821146
    },
    "2014-03": {
        "min": 34.53245636970768,
        "avg": 40.06984175299717,
        "max": 49.569085732736845
    },
    "2014-04": {
        "min": 40.18179321289056,
        "avg": 43.42934579031808,
        "max": 47.874768066406226
    },
    "2014-05": {
        "min": 44.473040220199024,
        "avg": 48.054482185609864,
        "max": 51.119759875882046
    },
    "2014-06": {
        "min": 47.656845092773445,
        "avg": 52.57476893833704,
        "max": 57.97638732910156
    },
    "2014-07": {
        "min": 53.17826994865165,
        "avg": 56.48269738825783,
        "max": 61.92239127866678
    },
    "2014-08": {
        "min": 51.634862729964645,
        "avg": 56.12486719650056,
        "max": 59.83154596144156
    },
    "2014-09": {
        "min": 48.022297973632746,
        "avg": 52.72017281668524,
        "max": 55.5008966064453
    },
    "2014-10": {
        "min": 43.440312972530236,
        "avg": 47.26156352944086,
        "max": 49.655969868321534
    },
    "2014-11": {
        "min": 37.16784606933592,
        "avg": 41.265751865931904,
        "max": 45.47027465820309
    },
    "2014-12": {
        "min": 22.160326990927427,
        "avg": 35.67437067409812,
        "max": 42.473608240927426
    },
    "2015-01": {
        "min": 26.843929797757045,
        "avg": 35.11454722039709,
        "max": 41.94844049269156
    },
    "2015-02": {
        "min": 25.114563882010287,
        "avg": 37.47856961308692,
        "max": 43.607813720703106
    },
    "2015-03": {
        "min": 32.21826963363155,
        "avg": 39.43349843952511,
        "max": 47.057855657762126
    },
    "2015-04": {
        "min": 39.874615478515565,
        "avg": 43.17307529994417,
        "max": 48.23583557128903
    },
    "2015-05": {
        "min": 44.186708157447036,
        "avg": 48.08339909566709,
        "max": 51.13909049741678
    },
    "2015-06": {
        "min": 49.01076721191409,
        "avg": 52.73694850376672,
        "max": 55.3336462402344
    },
    "2015-07": {
        "min": 53.451136671497,
        "avg": 56.088494687409984,
        "max": 59.760563649823524
    },
    "2015-08": {
        "min": 54.04546158329128,
        "avg": 56.7613068723898,
        "max": 59.00974026587697
    },
    "2015-09": {
        "min": 48.63515930175779,
        "avg": 53.13273053850445,
        "max": 56.505277709960886
    },
    "2015-10": {
        "min": 44.319174922820046,
        "avg": 47.113324295254856,
        "max": 50.51558625252019
    },
    "2015-11": {
        "min": 37.06067077636719,
        "avg": 40.877184361049096,
        "max": 47.428358764648436
    },
    "2015-12": {
        "min": 30.240594128024163,
        "avg": 37.73028545889435,
        "max": 44.4068635411416
    },
    "2016-01": {
        "min": 26.9219185515373,
        "avg": 36.97970762191277,
        "max": 44.059784171811984
    },
    "2016-02": {
        "min": 33.08830983129044,
        "avg": 39.0479744025169,
        "max": 44.057315547548484
    },
    "2016-03": {
        "min": 33.792761840820305,
        "avg": 41.00386848695814,
        "max": 47.33003662109373
    },
    "2016-04": {
        "min": 40.97866821289063,
        "avg": 43.88461199079239,
        "max": 47.965346679687485
    },
    "2016-05": {
        "min": 46.16574986611642,
        "avg": 49.17179192468315,
        "max": 53.7419784447454
    },
    "2016-06": {
        "min": 50.300596923828124,
        "avg": 53.6013471330915,
        "max": 57.361076049804666
    },
    "2016-07": {
        "min": 54.261814279863934,
        "avg": 56.54479655322939,
        "max": 61.10471786006806
    },
    "2016-08": {
        "min": 53.573391467678924,
        "avg": 56.66529522451937,
        "max": 59.174086874684996
    },
    "2016-09": {
        "min": 48.12842773437503,
        "avg": 52.87199558803013,
        "max": 56.463071899414075
    },
    "2016-10": {
        "min": 42.74576616840971,
        "avg": 46.54389598934329,
        "max": 49.54401741273943
    },
    "2016-11": {
        "min": 30.288212890624965,
        "avg": 40.833380650111586,
        "max": 46.536245117187484
    },
    "2016-12": {
        "min": 30.199544244581585,
        "avg": 37.86582645539312,
        "max": 43.59131119266628
    },
    "2017-01": {
        "min": 28.29791539346017,
        "avg": 36.34327545587916,
        "max": 44.70249854303173
    },
    "2017-02": {
        "min": 28.758186471121615,
        "avg": 38.578470477668596,
        "max": 46.148978881835916
    },
    "2017-03": {
        "min": 35.837144854145684,
        "avg": 41.293309714321694,
        "max": 46.47332452589469
    },
    "2017-04": {
        "min": 40.53828674316405,
        "avg": 44.00839957101003,
        "max": 45.716738281250024
    },
    "2017-05": {
        "min": 45.91869924237647,
        "avg": 48.6220693955663,
        "max": 52.72928884198585
    },
    "2017-06": {
        "min": 50.21580078124993,
        "avg": 53.16283761160712,
        "max": 55.64388183593749
    },
    "2017-07": {
        "min": 52.20449143932711,
        "avg": 55.96103117349507,
        "max": 59.32529950541837
    },
    "2017-08": {
        "min": 54.680481980846714,
        "avg": 56.92944975540932,
        "max": 60.16062724451859
    },
    "2017-09": {
        "min": 51.147756347656234,
        "avg": 53.64395560128345,
        "max": 56.318332519531246
    },
    "2017-10": {
        "min": 42.435836536038295,
        "avg": 47.493720928139396,
        "max": 52.49542889994962
    },
    "2017-11": {
        "min": 37.58406494140623,