{
    "2012-08": {
        "max": 82.38159577400457,
        "min": 73.9154179136215,
        "avg": 78.2179418720298
    },
    "2012-09": {
        "max": 76.22857849121094,
        "min": 68.15541992187498,
        "avg": 71.65690185546873
    },
    "2012-10": {
        "max": 66.0839556687878,
        "min": 57.52971352854078,
        "avg": 60.777646940029136
    },
    "2012-11": {
        "max": 55.09553405761715,
        "min": 48.737993164062466,
        "avg": 51.78812011718748
    },
    "2012-12": {
        "max": 49.877759025327606,
        "min": 36.753914952431906,
        "avg": 46.13817257929505
    },
    "2013-01": {
        "max": 50.417701612903244,
        "min": 39.17653320312498,
        "avg": 45.42445539202007
    },
    "2013-02": {
        "max": 54.05191162109373,
        "min": 42.2924383108956,
        "avg": 49.205271948989534
    },
    "2013-03": {
        "max": 61.30699919669853,
        "min": 46.496790968372,
        "avg": 53.82077927549862
    },
    "2013-04": {
        "max": 65.85966186523434,
        "min": 54.61350341796874,
        "avg": 59.03396275111606
    },
    "2013-05": {
        "max": 71.32471947454636,
        "min": 62.33039515341479,
        "avg": 65.76927044143325
    },
    "2013-06": {
        "max": 75.33087463378901,
        "min": 64.49803833007812,
        "avg": 70.71572841099331
    },
    "2013-07": {
        "max": 79.59586697486135,
        "min": 68.33830412833915,
        "avg": 75.77042785925798
    },
    "2013-08": {
        "max": 80.9871135490171,
        "min": 74.00650166173138,
        "avg": 77.02174177459858
    },
    "2013-09": {
        "max": 79.88728942871087,
        "min": 67.84661254882813,
        "avg": 73.03296613420757
    },
    "2013-10": {
        "max": 66.9732493148311,
        "min": 58.26099010836692,
        "avg": 62.33025525071103
    },
    "2013-11": {
        "max": 57.40749511718747,
        "min": 42.341617431640586,
        "avg": 52.120036446707566
    },
    "2013-12": {
        "max": 51.43204979681198,
        "min": 36.88810231854835,
        "avg": 46.11136315411685
    },
    "2014-01": {
        "max": 55.12888896326859,
        "min": 40.591744148500474,
        "avg": 47.33768975464426
    },
    "2014-02": {
        "max": 57.61358699253622,
        "min": 45.17964338030131,
        "avg": 51.07979755635161
    },
    "2014-03": {
        "max": 62.91163038684473,
        "min": 48.998812019594226,
        "avg": 54.01314718079454
    },
    "2014-04": {
        "max": 66.92631347656251,
        "min": 55.29034362792967,
        "avg": 59.86800432477677
    },
    "2014-05": {
        "max": 72.42983599262847,
        "min": 60.970663393082184,
        "avg": 66.72315163045432
    },
    "2014-06": {
        "max": 75.14208007812502,
        "min": 61.668322753906224,
        "avg": 70.43677655901226
    },
    "2014-07": {
        "max": 84.17492423765115,
        "min": 73.54956078314011,
        "avg": 77.076776781214
    },
    "2014-08": {
        "max": 82.63622696415065,
        "min": 72.59634619928173,
        "avg": 76.99763885076143
    },
    "2014-09": {
        "max": 75.9509246826172,
        "min": 66.66469421386712,
        "avg": 71.79248221261159
    },
    "2014-10": {
        "max": 66.20847506615424,
        "min": 57.743457858177926,
        "avg": 60.71110059043777
    },
    "2014-11": {
        "max": 55.43389282226556,
        "min": 46.64205444335932,
        "avg": 51.55824105398993
    },
    "2014-12": {
        "max": 49.95464205834174,
        "min": 37.28682097404228,
        "avg": 45.82682586248017
    },
    "2015-01": {
        "max": 50.673337520476295,
        "min": 40.90760639805949,
        "avg": 45.46144885647679
    },
    "2015-02": {
        "max": 55.553279680524504,
        "min": 40.681589529854904,
        "avg": 49.80309663733655
    },
    "2015-03": {
        "max": 60.131430191532225,
        "min": 47.28540377709174,
        "avg": 54.22856755832371
    },
    "2015-04": {
        "max": 64.35367431640626,
        "min": 56.52622497558592,
        "avg": 60.02764726911271
    },
    "2015-05": {
        "max": 71.72773874590474,
        "min": 62.01603377803681,
        "avg": 65.88899863528765
    },
    "2015-06": {
        "max": 75.66215820312497,
        "min": 66.84354248046873,
        "avg": 71.0403036063058
    },
    "2015-07": {
        "max": 81.4854976924773,
        "min": 70.68924721994703,
        "avg": 76.5901614253312
    },
    "2015-08": {
        "max": 81.71622475900953,
        "min": 74.28340143019156,
        "avg": 78.79598693566386
    },
    "2015-09": {
        "max": 79.87071838378904,
        "min": 67.71093322753906,
        "avg": 72.60737226213725
    },
    "2015-10": {
        "max": 67.59035490958915,
        "min": 58.35808975711941,
        "avg": 61.674151819466424
    },
    "2015-11": {
        "max": 58.61207092285151,
        "min": 46.82421875000001,
        "avg": 52.18224609374997
    },
    "2015-12": {
        "max": 52.281441807900656,
        "min": 42.381780257686486,
        "avg": 47.20419903311311
    },
    "2016-01": {
        "max": 52.081490636025656,
        "min": 38.52685137348784,
        "avg": 46.73921147078411
    },
    "2016-02": {
        "max": 55.70148227033942,
        "min": 46.38851208917023,
        "avg": 51.22502422163637
    },
    "2016-03": {
        "max": 61.84633399225048,
        "min": 48.52157165527337,
        "avg": 55.022734659080655
    },
    "2016-04": {
        "max": 64.98625244140621,
        "min": 54.82888854980468,
        "avg": 59.554474312918515
    },
    "2016-05": {
        "max": 72.1888668331023,
        "min": 60.14504792244206,
        "avg": 67.14544946064048
    },
    "2016-06": {
        "max": 78.10979492187501,
        "min": 66.19360046386713,
        "avg": 71.22826372419082
    },
    "2016-07": {
        "max": 83.52195182554178,
        "min": 72.31630646736393,
        "avg": 77.17726008402036
    },
    "2016-08": {
        "max": 81.61545709425407,
        "min": 73.82779308688255,
        "avg": 77.36585660732284
    },
    "2016-09": {
        "max": 80.2798236083984,
        "min": 65.31419616699215,
        "avg": 71.57471548897877
    },
    "2016-10": {
        "max": 64.54419874621972,
        "min": 56.509618786227286,
        "avg": 60.82666958997875
    },
    "2016-11": {
        "max": 56.29052612304681,
        "min": 43.29063110351563,
        "avg": 51.16948983328681
    },
    "2016-12": {
        "max": 51.5866646452873,
        "min": 40.66862895350297,
        "avg": 47.08734567949845
    },
    "2017-01": {
        "max": 51.850106161794365,
        "min": 41.3230331322454,
        "avg": 46.255165751233065
    },
    "2017-02": {
        "max": 58.811222316196925,
        "min": 44.08588378906248,
        "avg": 50.751194520288564
    },
    "2017-03": {
        "max": 60.39229700888354,
        "min": 51.02463067823844,
        "avg": 55.25002031880039
    },
    "2017-04": {
        "max": 64.2437506103516,
        "min": 55.3960394287109,
        "avg": 60.29271824428011
    },
    "2017-05": {
        "max": 71.03980323053173,
        "min": 61.67211918000247,
        "avg": 66.62839227210539
    },
    "2017-06": {
        "max": 75.77977966308596,
        "min": 66.68856933593752,
        "avg": 71.18738813127788
    },
    "2017-07": {
        "max": 83.10918661794355,
        "min": 71.8538316689768,
        "avg": 76.72300208025813
    },
    "2017-08": {
        "max": 82.33220868510587,
        "min": 72.29266459803422,
        "avg": 77.69365024549072
    },
    "2017-09": {
        "max": 76.33439331054682,
        "min": 68.61479492187495,
        "avg": 72.21133361816403
    },
    "2017-10": {
        "max": 66.10444871471773,
        "min": 55.04197824785786,
        "avg": 61.97711762177779
    },
    "2017-11": {
        "max": 57.33593933105469,
        "min": 50.054111328125025,