{
    "2012-08": {
        "max": 170.59452758788714,
        "min": 18.42461791992097,
        "avg": 87.81412013462338
    },
    "2012-09": {
        "max": 82.95424804687306,
        "min": 0.0,
        "avg": 18.18726989745999
    },
    "2012-10": {
        "max": 3.7878405761713565,
        "min": 0.0,
        "avg": 0.5555880301338546
    },
    "2012-11": {
        "max": 0.0,
        "min": 0.0,
        "avg": 0.0
    },
    "2012-12": {
        "max": 0.0,
        "min": 0.0,
        "avg": 0.0
    },
    "2013-01": {
        "max": 0.0,
        "min": 0.0,
        "avg": 0.0
    },
    "2013-02": {
        "max": 0.0,
        "min": 0.0,
        "avg": 0.0
    },
    "2013-03": {
        "max": 0.0,
        "min": 0.0,
        "avg": 0.0
    },
    "2013-04": {
        "max": 0.3040814208983079,
        "min": 0.0,
        "avg": 0.014480067661824187
    },
    "2013-05": {
        "max": 17.33325622558516,
        "min": 0.0,
        "avg": 2.857114693777698
    },
    "2013-06": {
        "max": 59.63301086425652,
        "min": 0.0,
        "avg": 18.093571515763664
    },
    "2013-07": {
        "max": 126.74484924316108,
        "min": 14.609785766601044,
        "avg": 61.26573495047209
    },
    "2013-08": {
        "max": 153.7179144287073,
        "min": 36.529361572263944,
        "avg": 68.73400277273734
    },
    "2013-09": {
        "max": 97.8640173339814,
        "min": 0.0,
        "avg": 28.37659266880455
    },
    "2013-10": {
        "max": 19.63349121093672,
        "min": 0.0,
        "avg": 1.926593715122632
    },
    "2013-11": {
        "max": 0.0,
        "min": 0.0,
        "avg": 0.0
    },
    "2013-12": {
        "max": 0.0,
        "min": 0.0,
        "avg": 0.0
    },
    "2014-01": {
        "max": 0.0,
        "min": 0.0,
        "avg": 0.0
    },
    "2014-02": {
        "max": 0.0,
        "min": 0.0,
        "avg": 0.0
    },
    "2014-03": {
        "max": 0.0,
        "min": 0.0,
        "avg": 0.0
    },
    "2014-04": {
        "max": 5.534027709960549,
        "min": 0.0,
        "avg": 0.5579323032923738
    },
    "2014-05": {
        "max": 14.317846069335031,
        "min": 0.0,
        "avg": 2.2959613909038454
    },
    "2014-06": {
        "max": 71.21206054687306,
        "min": 0.0,
        "avg": 17.464875139508127
    },
    "2014-07": {
        "max": 249.64985961913675,
        "min": 19.504259033201958,
        "avg": 88.52937011718502
    },
    "2014-08": {
        "max": 193.5096405029258,
        "min": 11.019819946287896,
        "avg": 78.02182573590713
    },
    "2014-09": {
        "max": 90.77936279296694,
        "min": 0.0,
        "avg": 24.242503487722225
    },
    "2014-10": {
        "max": 16.39764587402292,
        "min": 0.0,
        "avg": 1.7622468784876433
    },
    "2014-11": {
        "max": 0.0,
        "min": 0.0,
        "avg": 0.0
    },
    "2014-12": {
        "max": 0.0,
        "min": 0.0,
        "avg": 0.0
    },
    "2015-01": {
        "max": 0.0,
        "min": 0.0,
        "avg": 0.0
    },
    "2015-02": {
        "max": 0.0,
        "min": 0.0,
        "avg": 0.0
    },
    "2015-03": {
        "max": 0.0,
        "min": 0.0,
        "avg": 0.0
    },
    "2015-04": {
        "max": 0.4296551513670579,
        "min": 0.0,
        "avg": 0.020459769112717043
    },
    "2015-05": {
        "max": 43.76375244140547,
        "min": 0.0,
        "avg": 4.643780517577879
    },
    "2015-06": {
        "max": 70.6323321533185,
        "min": 0.1788372802733079,
        "avg": 19.736017717633
    },
    "2015-07": {
        "max": 163.60935974120704,
        "min": 14.45592956542904,
        "avg": 75.64470336913809
    },
    "2015-08": {
        "max": 155.74412292480108,
        "min": 39.10653442382644,
        "avg": 103.24004813057729
    },
    "2015-09": {
        "max": 112.88651550292697,
        "min": 0.0,
        "avg": 26.65476048060726
    },
    "2015-10": {
        "max": 9.529379882811464,
        "min": 0.0,
        "avg": 0.6993833705356403
    },
    "2015-11": {
        "max": 0.0,
        "min": 0.0,
        "avg": 0.0
    },
    "2015-12": {
        "max": 0.0,
        "min": 0.0,
        "avg": 0.0
    },
    "2016-01": {
        "max": 0.0,
        "min": 0.0,
        "avg": 0.0
    },
    "2016-02": {
        "max": 0.0,
        "min": 0.0,
        "avg": 0.0
    },
    "2016-03": {
        "max": 0.0,
        "min": 0.0,
        "avg": 0.0
    },
    "2016-04": {
        "max": 0.0,
        "min": 0.0,
        "avg": 0.0
    },
    "2016-05": {
        "max": 50.2247991943349,
        "min": 0.0,
        "avg": 8.218907209123563
    },
    "2016-06": {
        "max": 115.99016418456837,
        "min": 0.0,
        "avg": 25.863628104072752
    },
    "2016-07": {
        "max": 244.9519390869107,
        "min": 21.64883239745951,
        "avg": 83.55145708356324
    },
    "2016-08": {
        "max": 149.055241699215,
        "min": 25.731970825193628,
        "avg": 84.6631039864649
    },
    "2016-09": {
        "max": 116.10553161620783,
        "min": 0.0,
        "avg": 19.64661298479257
    },
    "2016-10": {
        "max": 7.641741943358727,
        "min": 0.0,
        "avg": 0.9245870535713607
    },
    "2016-11": {
        "max": 0.0,
        "min": 0.0,
        "avg": 0.0
    },
    "2016-12": {
        "max": 0.0,
        "min": 0.0,
        "avg": 0.0
    },
    "2017-01": {
        "max": 0.0,
        "min": 0.0,
        "avg": 0.0
    },
    "2017-02": {
        "max": 0.0,
        "min": 0.0,
        "avg": 0.0
    },
    "2017-03": {
        "max": 0.0,
        "min": 0.0,
        "avg": 0.0
    },
    "2017-04": {
        "max": 0.0,
        "min": 0.0,
        "avg": 0.0
    },
    "2017-05": {
        "max": 26.997766113279955,
        "min": 0.0,
        "avg": 4.192138846260896
    },
    "2017-06": {
        "max": 73.99913818359259,
        "min": 0.0,
        "avg": 23.579151000975653
    },
    "2017-07": {
        "max": 193.1443432617154,
        "min": 7.468117675780343,
        "avg": 78.04918369837931
    },
    "2017-08": {
        "max": 189.0105395507775,
        "min": 14.41319458007696,
        "avg": 89.25813058035426
    },
    "2017-09": {
        "max": 75.12212951659949,
        "min": 0.0,
        "avg": 19.08550833565748
    },
    "2017-10": {
        "max": 19.997343749999484,
        "min": 0.0,
        "avg": 1.7143668910434096
    },
    "2017-11": {
        "max": 0.0,
        "min": 0.0,
        "avg": 0.0
    },
    "2017-12": {
        "max": 0.0,
        "min": 0.0,
        "avg": 0.0
    },
    "2018-01": {
        "max": 0.0,
        "min": 0.0,
        "avg": 0.0
    },
    "2018-02": {
        "max": 0.0,
        "min": 0.0,
        "avg": 0.0
    },
    "2018-03": {
        "max": 0.0,
        "min": 0.0,
        "avg": 0.0
    },
    "2018-04": {
        "max": 0.0967144775389329,
        "min": 0.0,
        "avg": 0.004605451311377758
    },
    "2018-05": {
        "max": 18.9105358886711,
        "min": 0.0,
        "avg": 3.2988956996371233
    },
    "2018-06": {
        "max": 109.19445190429364,
        "min": 0.0,
        "avg": 18.932150791712314
    },
    "2018-07": {
        "max": 188.29742431640236,
        "min": 10.577847290037766,
        "avg": 64.62353166852452
    },
    "2018-08": {
        "max": 172.5672821044883,
        "min": 17.255509643553264,
        "avg": 73.24794154575625
    },
    "2018-09": {
        "max": 106.02692138671564,
        "min": 0.0,
        "avg": 17.99936000278928
    },
    "2018-10": {
        "max": 25.55166137695235,
        "min": 0.0,
        "avg": 3.319378051757646
    },
    "2018-11": {
        "max": 0.0,
        "min": 0.0,
        "avg": 0.0
    },
    "2018-12": {
        "max": 0.0,
        "min": 0.0,
        "avg": 0.0
    },
    "2019-01": {
        "max": 0.0,
        "min": 0.0,
        "avg": 0.0
    },
    "2019-02": {
        "max": 0.0,
        "min": 0.0,
        "avg": 0.0
    },