{
    "2012-08": {
        "min": 18.553611706149194,
        "max": 25.491890790385582,
        "avg": 22.07470464047198
    },
    "2012-09": {
        "min": 16.131046142578125,
        "max": 22.20427734375,
        "avg": 18.812984531947542
    },
    "2012-10": {
        "min": 12.069516286542338,
        "max": 17.57613682900706,
        "avg": 14.218658756660426
    },
    "2012-11": {
        "min": 7.582472534179688,
        "max": 12.873339843750001,
        "avg": 10.470512608119419
    },
    "2012-12": {
        "min": 6.557365368258568,
        "max": 14.21436472246724,
        "avg": 9.397025394000218
    },
    "2013-01": {
        "min": 7.53940665952621,
        "max": 13.979868636592743,
        "avg": 10.56701360605829
    },
    "2013-02": {
        "min": 9.900086321149553,
        "max": 15.596338544573104,
        "avg": 12.226760895398199
    },
    "2013-03": {
        "min": 11.693503890498993,
        "max": 19.2908687468498,
        "avg": 14.572551421415973
    },
    "2013-04": {
        "min": 13.288641357421875,
        "max": 18.948658447265625,
        "avg": 15.822061418805808
    },
    "2013-05": {
        "min": 14.792320005355341,
        "max": 20.659160983177923,
        "avg": 17.973219011016702
    },
    "2013-06": {
        "min": 14.605017700195313,
        "max": 22.874990844726565,
        "avg": 18.504959891183034
    },
    "2013-07": {
        "min": 18.483795362903226,
        "max": 23.11410207440776,
        "avg": 20.750043737174177
    },
    "2013-08": {
        "min": 17.537659872731858,
        "max": 24.687400965536796,
        "avg": 21.042936797955072
    },
    "2013-09": {
        "min": 16.165964355468752,
        "max": 24.648240966796877,
        "avg": 19.812215401785714
    },
    "2013-10": {
        "min": 11.205094269783267,
        "max": 20.054473483177926,
        "avg": 15.303326866044431
    },
    "2013-11": {
        "min": 8.0807958984375,
        "max": 14.133131103515625,
        "avg": 10.916997157505579
    },
    "2013-12": {
        "min": 7.661321233933972,
        "max": 13.588700423702118,
        "avg": 9.655289244761665
    },
    "2014-01": {
        "min": 7.776378213205646,
        "max": 13.728042504095262,
        "avg": 9.338177827755976
    },
    "2014-02": {
        "min": 9.247659301757812,
        "max": 16.579144069126677,
        "avg": 12.616293210399395
    },
    "2014-03": {
        "min": 11.587294449344759,
        "max": 19.129747156943047,
        "avg": 13.943305427797378
    },
    "2014-04": {
        "min": 12.81170654296875,
        "max": 19.382473754882813,
        "avg": 16.438658534458703
    },
    "2014-05": {
        "min": 13.370573966733872,
        "max": 22.545481626449092,
        "avg": 18.668669444844472
    },
    "2014-06": {
        "min": 14.011477661132812,
        "max": 23.231672973632815,
        "avg": 17.862007620675225
    },
    "2014-07": {
        "min": 17.729210047568046,
        "max": 23.713948502079134,
        "avg": 20.594079392956147
    },
    "2014-08": {
        "min": 18.044175670992942,
        "max": 23.417154619770667,
        "avg": 20.872771654260877
    },
    "2014-09": {
        "min": 13.321455688476563,
        "max": 23.084793090820312,
        "avg": 19.07230939592634
    },
    "2014-10": {
        "min": 11.255145854334678,
        "max": 16.552505197832662,
        "avg": 13.449537060996906
    },
    "2014-11": {
        "min": 8.160587768554688,
        "max": 12.996265869140625,
        "avg": 10.292489188058036
    },
    "2014-12": {
        "min": 7.481033817414315,
        "max": 15.126493983114921,
        "avg": 10.152455188382058
    },
    "2015-01": {
        "min": 6.904340190272177,
        "max": 15.29684586063508,
        "avg": 10.346901636079712
    },
    "2015-02": {
        "min": 9.10201394217355,
        "max": 15.567025647844588,
        "avg": 12.32452702424964
    },
    "2015-03": {
        "min": 10.365595269972278,
        "max": 18.23165204448085,
        "avg": 14.795069118798605
    },
    "2015-04": {
        "min": 12.553460083007813,
        "max": 21.224437866210938,
        "avg": 16.85457196916853
    },
    "2015-05": {
        "min": 15.229017688382058,
        "max": 21.02756800497732,
        "avg": 17.805599539620534
    },
    "2015-06": {
        "min": 15.904539184570313,
        "max": 21.43707458496094,
        "avg": 18.303355102539065
    },
    "2015-07": {
        "min": 17.238110548450102,
        "max": 24.503459708921373,
        "avg": 20.501666737921227
    },
    "2015-08": {
        "min": 19.13819068170363,
        "max": 24.61544937626008,
        "avg": 22.03468006327405
    },
    "2015-09": {
        "min": 15.82409912109375,
        "max": 24.672414550781248,
        "avg": 19.47464172363281
    },
    "2015-10": {
        "min": 11.90089386970766,
        "max": 18.940121361517136,
        "avg": 14.56082752421155
    },
    "2015-11": {
        "min": 9.267623291015624,
        "max": 13.667858276367188,
        "avg": 11.305061732700896
    },
    "2015-12": {
        "min": 7.874578266759072,
        "max": 13.224489470451108,
        "avg": 9.473913574218752
    },
    "2016-01": {
        "min": 7.029529399256552,
        "max": 12.523909045803933,
        "avg": 9.759503848871324
    },
    "2016-02": {
        "min": 9.014513318292025,
        "max": 16.79341514850485,
        "avg": 12.177049819119459
    },
    "2016-03": {
        "min": 11.12053675497732,
        "max": 18.24088587607107,
        "avg": 14.018866172122516
    },
    "2016-04": {
        "min": 12.794578857421875,
        "max": 18.220208129882813,
        "avg": 15.669862322126113
    },
    "2016-05": {
        "min": 13.979298056325604,
        "max": 20.921975215788812,
        "avg": 17.9736575359573
    },
    "2016-06": {
        "min": 14.00060302734375,
        "max": 21.630401000976565,
        "avg": 17.626916591099334
    },
    "2016-07": {
        "min": 16.049799174647177,
        "max": 23.394076242754537,
        "avg": 20.63246353079097
    },
    "2016-08": {
        "min": 17.677336858933973,
        "max": 23.922254599294355,
        "avg": 20.7005613828035
    },
    "2016-09": {
        "min": 15.045897216796876,
        "max": 23.816751708984377,
        "avg": 18.702719900948665
    },
    "2016-10": {
        "min": 11.121509576612903,
        "max": 18.041659447454638,
        "avg": 14.28277360063544
    },
    "2016-11": {
        "min": 8.407611694335937,
        "max": 14.257987060546876,
        "avg": 10.336109183175223
    },
    "2016-12": {
        "min": 7.722515081590222,
        "max": 13.00293953188004,
        "avg": 9.221519224105341
    },
    "2017-01": {
        "min": 7.147607618762601,
        "max": 13.053038960118448,
        "avg": 9.911890295353903
    },
    "2017-02": {
        "min": 8.743808637346541,
        "max": 15.327697317940848,
        "avg": 12.17272404261998
    },
    "2017-03": {
        "min": 11.868055380544355,
        "max": 18.882579581968248,
        "avg": 13.956710604478687
    },
    "2017-04": {
        "min": 12.792176513671876,
        "max": 18.963413085937503,
        "avg": 16.28431867327009
    },
    "2017-05": {
        "min": 14.985037920551918,
        "max": 21.388199541645665,
        "avg": 18.006322876539105
    },
    "2017-06": {
        "min": 15.772619018554687,
        "max": 20.95318359375,
        "avg": 18.024550519670758
    },
    "2017-07": {
        "min": 17.988577762726816,
        "max": 26.441766948084677,
        "avg": 20.761970906763032
    },
    "2017-08": {
        "min": 17.253041322769658,
        "max": 24.227451250630043,
        "avg": 20.764200490081368
    },
    "2017-09": {
        "min": 14.277251586914062,
        "max": 21.675349731445312,
        "avg": 18.567378016880582
    },
    "2017-10": {
        "min": 11.40616711032006,
        "max": 18.661043819304435,
        "avg": 14.483396693638394
    },