{
    "2012-08": {
        "max": 16,
        "min": 0,
        "avg": 5.0
    },
    "2012-09": {
        "max": 5,
        "min": 0,
        "avg": 0.47619047619047616
    },
    "2012-10": {
        "max": 0,
        "min": 0,
        "avg": 0.0
    },
    "2012-11": {
        "max": 0,
        "min": 0,
        "avg": 0.0
    },
    "2012-12": {
        "max": 0,
        "min": 0,
        "avg": 0.0
    },
    "2013-01": {
        "max": 0,
        "min": 0,
        "avg": 0.0
    },
    "2013-02": {
        "max": 0,
        "min": 0,
        "avg": 0.0
    },
    "2013-03": {
        "max": 0,
        "min": 0,
        "avg": 0.0
    },
    "2013-04": {
        "max": 0,
        "min": 0,
        "avg": 0.0
    },
    "2013-05": {
        "max": 2,
        "min": 0,
        "avg": 0.09523809523809523
    },
    "2013-06": {
        "max": 4,
        "min": 0,
        "avg": 0.5238095238095238
    },
    "2013-07": {
        "max": 13,
        "min": 0,
        "avg": 2.5714285714285716
    },
    "2013-08": {
        "max": 9,
        "min": 0,
        "avg": 2.9047619047619047
    },
    "2013-09": {
        "max": 10,
        "min": 0,
        "avg": 1.3333333333333333
    },
    "2013-10": {
        "max": 0,
        "min": 0,
        "avg": 0.0
    },
    "2013-11": {
        "max": 0,
        "min": 0,
        "avg": 0.0
    },
    "2013-12": {
        "max": 0,
        "min": 0,
        "avg": 0.0
    },
    "2014-01": {
        "max": 0,
        "min": 0,
        "avg": 0.0
    },
    "2014-02": {
        "max": 0,
        "min": 0,
        "avg": 0.0
    },
    "2014-03": {
        "max": 0,
        "min": 0,
        "avg": 0.0
    },
    "2014-04": {
        "max": 0,
        "min": 0,
        "avg": 0.0
    },
    "2014-05": {
        "max": 0,
        "min": 0,
        "avg": 0.0
    },
    "2014-06": {
        "max": 4,
        "min": 0,
        "avg": 0.42857142857142855
    },
    "2014-07": {
        "max": 14,
        "min": 0,
        "avg": 4.428571428571429
    },
    "2014-08": {
        "max": 16,
        "min": 0,
        "avg": 4.190476190476191
    },
    "2014-09": {
        "max": 5,
        "min": 0,
        "avg": 0.7142857142857143
    },
    "2014-10": {
        "max": 0,
        "min": 0,
        "avg": 0.0
    },
    "2014-11": {
        "max": 0,
        "min": 0,
        "avg": 0.0
    },
    "2014-12": {
        "max": 0,
        "min": 0,
        "avg": 0.0
    },
    "2015-01": {
        "max": 0,
        "min": 0,
        "avg": 0.0
    },
    "2015-02": {
        "max": 0,
        "min": 0,
        "avg": 0.0
    },
    "2015-03": {
        "max": 0,
        "min": 0,
        "avg": 0.0
    },
    "2015-04": {
        "max": 0,
        "min": 0,
        "avg": 0.0
    },
    "2015-05": {
        "max": 5,
        "min": 0,
        "avg": 0.23809523809523808
    },
    "2015-06": {
        "max": 4,
        "min": 0,
        "avg": 0.7142857142857143
    },
    "2015-07": {
        "max": 14,
        "min": 0,
        "avg": 3.5238095238095237
    },
    "2015-08": {
        "max": 11,
        "min": 0,
        "avg": 5.333333333333333
    },
    "2015-09": {
        "max": 9,
        "min": 0,
        "avg": 1.4285714285714286
    },
    "2015-10": {
        "max": 0,
        "min": 0,
        "avg": 0.0
    },
    "2015-11": {
        "max": 0,
        "min": 0,
        "avg": 0.0
    },
    "2015-12": {
        "max": 0,
        "min": 0,
        "avg": 0.0
    },
    "2016-01": {
        "max": 0,
        "min": 0,
        "avg": 0.0
    },
    "2016-02": {
        "max": 0,
        "min": 0,
        "avg": 0.0
    },
    "2016-03": {
        "max": 0,
        "min": 0,
        "avg": 0.0
    },
    "2016-04": {
        "max": 0,
        "min": 0,
        "avg": 0.0
    },
    "2016-05": {
        "max": 2,
        "min": 0,
        "avg": 0.23809523809523808
    },
    "2016-06": {
        "max": 4,
        "min": 0,
        "avg": 0.8095238095238095
    },
    "2016-07": {
        "max": 18,
        "min": 0,
        "avg": 4.238095238095238
    },
    "2016-08": {
        "max": 10,
        "min": 0,
        "avg": 3.5238095238095237
    },
    "2016-09": {
        "max": 12,
        "min": 0,
        "avg": 0.7619047619047619
    },
    "2016-10": {
        "max": 0,
        "min": 0,
        "avg": 0.0
    },
    "2016-11": {
        "max": 0,
        "min": 0,
        "avg": 0.0
    },
    "2016-12": {
        "max": 0,
        "min": 0,
        "avg": 0.0
    },
    "2017-01": {
        "max": 0,
        "min": 0,
        "avg": 0.0
    },
    "2017-02": {
        "max": 0,
        "min": 0,
        "avg": 0.0
    },
    "2017-03": {
        "max": 0,
        "min": 0,
        "avg": 0.0
    },
    "2017-04": {
        "max": 0,
        "min": 0,
        "avg": 0.0
    },
    "2017-05": {
        "max": 1,
        "min": 0,
        "avg": 0.047619047619047616
    },
    "2017-06": {
        "max": 5,
        "min": 0,
        "avg": 0.8571428571428571
    },
    "2017-07": {
        "max": 17,
        "min": 0,
        "avg": 4.571428571428571
    },
    "2017-08": {
        "max": 14,
        "min": 0,
        "avg": 3.857142857142857
    },
    "2017-09": {
        "max": 3,
        "min": 0,
        "avg": 0.38095238095238093
    },
    "2017-10": {
        "max": 0,
        "min": 0,
        "avg": 0.0
    },
    "2017-11": {
        "max": 0,
        "min": 0,
        "avg": 0.0
    },
    "2017-12": {
        "max": 0,
        "min": 0,
        "avg": 0.0
    },
    "2018-01": {
        "max": 0,
        "min": 0,
        "avg": 0.0
    },
    "2018-02": {
        "max": 0,
        "min": 0,
        "avg": 0.0
    },
    "2018-03": {
        "max": 0,
        "min": 0,
        "avg": 0.0
    },
    "2018-04": {
        "max": 0,
        "min": 0,
        "avg": 0.0
    },
    "2018-05": {
        "max": 2,
        "min": 0,
        "avg": 0.14285714285714285
    },
    "2018-06": {
        "max": 4,
        "min": 0,
        "avg": 0.38095238095238093
    },
    "2018-07": {
        "max": 10,
        "min": 0,
        "avg": 3.0
    },
    "2018-08": {
        "max": 12,
        "min": 0,
        "avg": 3.5714285714285716
    },
    "2018-09": {
        "max": 6,
        "min": 0,
        "avg": 0.47619047619047616
    },
    "2018-10": {
        "max": 0,
        "min": 0,
        "avg": 0.0
    },
    "2018-11": {
        "max": 0,
        "min": 0,
        "avg": 0.0
    },
    "2018-12": {
        "max": 0,
        "min": 0,
        "avg": 0.0
    },
    "2019-01": {
        "max": 0,
        "min": 0,
        "avg": 0.0
    },
    "2019-02": {
        "max": 0,
        "min": 0,
        "avg": 0.0
    },
    "2019-03": {
        "max": 0,
        "min": 0,
        "avg": 0.0
    },
    "2019-04": {
        "max": 0,
        "min": 0,
        "avg": 0.0
    },
    "2019-05": {
        "max": 0,
        "min": 0,
        "avg": 0.0
    },
    "2019-06": {
        "max": 9,
        "min": 0,
        "avg": 0.6190476190476191
    },
    "2019-07": {
        "max": 10,
        "min": 0,
        "avg": 2.0952380952380953
    },
    "2019-08": {
        "max": 11,
        "min": 0,
        "avg": 3.9523809523809526
    },
    "2019-09": {
        "max": 9,
        "min": 0,
        "avg": 1.0
    },
    "2019-10": {
        "max": 0,
        "min": 0,
        "avg": 0.0
    },
    "2019-11": {
        "max": 0,
        "min": 0,
        "avg": 0.0
    },
    "2019-12": {
        "max": 0,
        "min": 0,
        "avg": 0.0
    },
    "2020-01": {
        "max": 0,
        "min": 0,
        "avg": 0.0
    },
    "2020-02": {
        "max": 0,
        "min": 0,
        "avg": 0.0
    },
    "2020-03": {
        "max": 0,
        "min": 0,
        "avg": 0.0
    },
    "2020-04": {
        "max": 0,
        "min": 0,
        "avg": 0.0
    },
    "2020-05": {
        "max": 2,
        "min": 0,
        "avg": 0.09523809523809523
    },
    "2020-06": {
        "max": 10,
        "min": 0,