{
    "2012-08": {
        "min": 0,
        "avg": 0.0,
        "max": 0
    },
    "2012-09": {
        "min": 0,
        "avg": 0.0,
        "max": 0
    },
    "2012-10": {
        "min": 0,
        "avg": 0.23809523809523808,
        "max": 1
    },
    "2012-11": {
        "min": 0,
        "avg": 0.47619047619047616,
        "max": 5
    },
    "2012-12": {
        "min": 0,
        "avg": 0.7619047619047619,
        "max": 3
    },
    "2013-01": {
        "min": 0,
        "avg": 0.8571428571428571,
        "max": 7
    },
    "2013-02": {
        "min": 0,
        "avg": 0.19047619047619047,
        "max": 1
    },
    "2013-03": {
        "min": 0,
        "avg": 0.19047619047619047,
        "max": 2
    },
    "2013-04": {
        "min": 0,
        "avg": 0.23809523809523808,
        "max": 3
    },
    "2013-05": {
        "min": 0,
        "avg": 0.047619047619047616,
        "max": 1
    },
    "2013-06": {
        "min": 0,
        "avg": 0.047619047619047616,
        "max": 1
    },
    "2013-07": {
        "min": 0,
        "avg": 0.047619047619047616,
        "max": 1
    },
    "2013-08": {
        "min": 0,
        "avg": 0.047619047619047616,
        "max": 1
    },
    "2013-09": {
        "min": 0,
        "avg": 0.14285714285714285,
        "max": 1
    },
    "2013-10": {
        "min": 0,
        "avg": 0.38095238095238093,
        "max": 3
    },
    "2013-11": {
        "min": 0,
        "avg": 0.6190476190476191,
        "max": 2
    },
    "2013-12": {
        "min": 0,
        "avg": 0.8095238095238095,
        "max": 4
    },
    "2014-01": {
        "min": 0,
        "avg": 0.5238095238095238,
        "max": 3
    },
    "2014-02": {
        "min": 0,
        "avg": 0.2857142857142857,
        "max": 3
    },
    "2014-03": {
        "min": 0,
        "avg": 0.2857142857142857,
        "max": 2
    },
    "2014-04": {
        "min": 0,
        "avg": 0.047619047619047616,
        "max": 1
    },
    "2014-05": {
        "min": 0,
        "avg": 0.047619047619047616,
        "max": 1
    },
    "2014-06": {
        "min": 0,
        "avg": 0.09523809523809523,
        "max": 1
    },
    "2014-07": {
        "min": 0,
        "avg": 0.19047619047619047,
        "max": 2
    },
    "2014-08": {
        "min": 0,
        "avg": 0.0,
        "max": 0
    },
    "2014-09": {
        "min": 0,
        "avg": 0.047619047619047616,
        "max": 1
    },
    "2014-10": {
        "min": 0,
        "avg": 0.47619047619047616,
        "max": 3
    },
    "2014-11": {
        "min": 0,
        "avg": 0.42857142857142855,
        "max": 3
    },
    "2014-12": {
        "min": 0,
        "avg": 0.7142857142857143,
        "max": 2
    },
    "2015-01": {
        "min": 0,
        "avg": 0.9047619047619048,
        "max": 4
    },
    "2015-02": {
        "min": 0,
        "avg": 0.47619047619047616,
        "max": 4
    },
    "2015-03": {
        "min": 0,
        "avg": 0.23809523809523808,
        "max": 2
    },
    "2015-04": {
        "min": 0,
        "avg": 0.23809523809523808,
        "max": 3
    },
    "2015-05": {
        "min": 0,
        "avg": 0.14285714285714285,
        "max": 2
    },
    "2015-06": {
        "min": 0,
        "avg": 0.0,
        "max": 0
    },
    "2015-07": {
        "min": 0,
        "avg": 0.0,
        "max": 0
    },
    "2015-08": {
        "min": 0,
        "avg": 0.0,
        "max": 0
    },
    "2015-09": {
        "min": 0,
        "avg": 0.14285714285714285,
        "max": 1
    },
    "2015-10": {
        "min": 0,
        "avg": 0.47619047619047616,
        "max": 3
    },
    "2015-11": {
        "min": 0,
        "avg": 0.9523809523809523,
        "max": 5
    },
    "2015-12": {
        "min": 0,
        "avg": 0.7142857142857143,
        "max": 3
    },
    "2016-01": {
        "min": 0,
        "avg": 0.5238095238095238,
        "max": 3
    },
    "2016-02": {
        "min": 0,
        "avg": 0.19047619047619047,
        "max": 1
    },
    "2016-03": {
        "min": 0,
        "avg": 0.047619047619047616,
        "max": 1
    },
    "2016-04": {
        "min": 0,
        "avg": 0.09523809523809523,
        "max": 1
    },
    "2016-05": {
        "min": 0,
        "avg": 0.0,
        "max": 0
    },
    "2016-06": {
        "min": 0,
        "avg": 0.0,
        "max": 0
    },
    "2016-07": {
        "min": 0,
        "avg": 0.09523809523809523,
        "max": 1
    },
    "2016-08": {
        "min": 0,
        "avg": 0.047619047619047616,
        "max": 1
    },
    "2016-09": {
        "min": 0,
        "avg": 0.23809523809523808,
        "max": 2
    },
    "2016-10": {
        "min": 0,
        "avg": 0.5238095238095238,
        "max": 2
    },
    "2016-11": {
        "min": 0,
        "avg": 0.7142857142857143,
        "max": 3
    },
    "2016-12": {
        "min": 0,
        "avg": 1.0,
        "max": 4
    },
    "2017-01": {
        "min": 0,
        "avg": 0.7142857142857143,
        "max": 3
    },
    "2017-02": {
        "min": 0,
        "avg": 0.23809523809523808,
        "max": 2
    },
    "2017-03": {
        "min": 0,
        "avg": 0.19047619047619047,
        "max": 1
    },
    "2017-04": {
        "min": 0,
        "avg": 0.2857142857142857,
        "max": 2
    },
    "2017-05": {
        "min": 0,
        "avg": 0.0,
        "max": 0
    },
    "2017-06": {
        "min": 0,
        "avg": 0.047619047619047616,
        "max": 1
    },
    "2017-07": {
        "min": 0,
        "avg": 0.14285714285714285,
        "max": 1
    },
    "2017-08": {
        "min": 0,
        "avg": 0.0,
        "max": 0
    },
    "2017-09": {
        "min": 0,
        "avg": 0.047619047619047616,
        "max": 1
    },
    "2017-10": {
        "min": 0,
        "avg": 0.3333333333333333,
        "max": 5
    },
    "2017-11": {
        "min": 0,
        "avg": 0.7142857142857143,
        "max": 4
    },
    "2017-12": {
        "min": 0,
        "avg": 0.8571428571428571,
        "max": 6
    },
    "2018-01": {
        "min": 0,
        "avg": 0.6190476190476191,
        "max": 5
    },
    "2018-02": {
        "min": 0,
        "avg": 0.5714285714285714,
        "max": 3
    },
    "2018-03": {
        "min": 0,
        "avg": 0.42857142857142855,
        "max": 3
    },
    "2018-04": {
        "min": 0,
        "avg": 0.09523809523809523,
        "max": 1
    },
    "2018-05": {
        "min": 0,
        "avg": 0.0,
        "max": 0
    },
    "2018-06": {
        "min": 0,
        "avg": 0.09523809523809523,
        "max": 2
    },
    "2018-07": {
        "min": 0,
        "avg": 0.14285714285714285,
        "max": 2
    },
    "2018-08": {
        "min": 0,
        "avg": 0.0,
        "max": 0
    },
    "2018-09": {
        "min": 0,
        "avg": 0.19047619047619047,
        "max": 1
    },
    "2018-10": {
        "min": 0,
        "avg": 0.2857142857142857,
        "max": 2
    },
    "2018-11": {
        "min": 0,
        "avg": 0.8095238095238095,
        "max": 3
    },
    "2018-12": {
        "min": 0,
        "avg": 0.8571428571428571,
        "max": 3
    },
    "2019-01": {
        "min": 0,
        "avg": 0.9523809523809523,
        "max": 3
    },
    "2019-02": {
        "min": 0,
        "avg": 0.23809523809523808,
        "max": 1
    },
    "2019-03": {
        "min": 0,
        "avg": 0.2857142857142857,
        "max": 1
    },
    "2019-04": {
        "min": 0,
        "avg": 0.2857142857142857,
        "max": 1
    },
    "2019-05": {
        "min": 0,
        "avg": 0.0,
        "max": 0
    },
    "2019-06": {
        "min": 0,
        "avg": 0.047619047619047616,
        "max": 1
    },
    "2019-07": {
        "min": 0,
        "avg": 0.0,
        "max": 0
    },
    "2019-08": {
        "min": 0,
        "avg": 0.09523809523809523,
        "max": 1
    },
    "2019-09": {
        "min": 0,
        "avg": 0.09523809523809523,
        "max": 1
    },
    "2019-10": {
        "min": 0,
        "avg": 0.23809523809523808,