{
    "2012-08": {
        "avg": 0.0,
        "min": 0,
        "max": 0
    },
    "2012-09": {
        "avg": 0.0,
        "min": 0,
        "max": 0
    },
    "2012-10": {
        "avg": 0.2857142857142857,
        "min": 0,
        "max": 3
    },
    "2012-11": {
        "avg": 2.380952380952381,
        "min": 0,
        "max": 8
    },
    "2012-12": {
        "avg": 6.333333333333333,
        "min": 0,
        "max": 23
    },
    "2013-01": {
        "avg": 8.952380952380953,
        "min": 0,
        "max": 22
    },
    "2013-02": {
        "avg": 6.0476190476190474,
        "min": 0,
        "max": 18
    },
    "2013-03": {
        "avg": 3.238095238095238,
        "min": 0,
        "max": 18
    },
    "2013-04": {
        "avg": 0.14285714285714285,
        "min": 0,
        "max": 1
    },
    "2013-05": {
        "avg": 0.0,
        "min": 0,
        "max": 0
    },
    "2013-06": {
        "avg": 0.0,
        "min": 0,
        "max": 0
    },
    "2013-07": {
        "avg": 0.0,
        "min": 0,
        "max": 0
    },
    "2013-08": {
        "avg": 0.0,
        "min": 0,
        "max": 0
    },
    "2013-09": {
        "avg": 0.0,
        "min": 0,
        "max": 0
    },
    "2013-10": {
        "avg": 0.23809523809523808,
        "min": 0,
        "max": 2
    },
    "2013-11": {
        "avg": 2.5238095238095237,
        "min": 0,
        "max": 10
    },
    "2013-12": {
        "avg": 8.0,
        "min": 0,
        "max": 24
    },
    "2014-01": {
        "avg": 6.333333333333333,
        "min": 0,
        "max": 24
    },
    "2014-02": {
        "avg": 4.9523809523809526,
        "min": 0,
        "max": 12
    },
    "2014-03": {
        "avg": 2.4285714285714284,
        "min": 0,
        "max": 8
    },
    "2014-04": {
        "avg": 0.5238095238095238,
        "min": 0,
        "max": 3
    },
    "2014-05": {
        "avg": 0.047619047619047616,
        "min": 0,
        "max": 1
    },
    "2014-06": {
        "avg": 0.0,
        "min": 0,
        "max": 0
    },
    "2014-07": {
        "avg": 0.0,
        "min": 0,
        "max": 0
    },
    "2014-08": {
        "avg": 0.0,
        "min": 0,
        "max": 0
    },
    "2014-09": {
        "avg": 0.047619047619047616,
        "min": 0,
        "max": 1
    },
    "2014-10": {
        "avg": 0.047619047619047616,
        "min": 0,
        "max": 1
    },
    "2014-11": {
        "avg": 1.7142857142857142,
        "min": 0,
        "max": 8
    },
    "2014-12": {
        "avg": 8.666666666666666,
        "min": 0,
        "max": 28
    },
    "2015-01": {
        "avg": 9.047619047619047,
        "min": 0,
        "max": 22
    },
    "2015-02": {
        "avg": 5.0,
        "min": 0,
        "max": 18
    },
    "2015-03": {
        "avg": 3.8095238095238093,
        "min": 0,
        "max": 15
    },
    "2015-04": {
        "avg": 0.38095238095238093,
        "min": 0,
        "max": 4
    },
    "2015-05": {
        "avg": 0.09523809523809523,
        "min": 0,
        "max": 2
    },
    "2015-06": {
        "avg": 0.0,
        "min": 0,
        "max": 0
    },
    "2015-07": {
        "avg": 0.0,
        "min": 0,
        "max": 0
    },
    "2015-08": {
        "avg": 0.0,
        "min": 0,
        "max": 0
    },
    "2015-09": {
        "avg": 0.0,
        "min": 0,
        "max": 0
    },
    "2015-10": {
        "avg": 0.38095238095238093,
        "min": 0,
        "max": 2
    },
    "2015-11": {
        "avg": 2.9047619047619047,
        "min": 0,
        "max": 10
    },
    "2015-12": {
        "avg": 7.238095238095238,
        "min": 0,
        "max": 19
    },
    "2016-01": {
        "avg": 6.333333333333333,
        "min": 0,
        "max": 23
    },
    "2016-02": {
        "avg": 4.809523809523809,
        "min": 0,
        "max": 15
    },
    "2016-03": {
        "avg": 2.3333333333333335,
        "min": 0,
        "max": 16
    },
    "2016-04": {
        "avg": 0.23809523809523808,
        "min": 0,
        "max": 2
    },
    "2016-05": {
        "avg": 0.0,
        "min": 0,
        "max": 0
    },
    "2016-06": {
        "avg": 0.0,
        "min": 0,
        "max": 0
    },
    "2016-07": {
        "avg": 0.0,
        "min": 0,
        "max": 0
    },
    "2016-08": {
        "avg": 0.0,
        "min": 0,
        "max": 0
    },
    "2016-09": {
        "avg": 0.0,
        "min": 0,
        "max": 0
    },
    "2016-10": {
        "avg": 0.38095238095238093,
        "min": 0,
        "max": 2
    },
    "2016-11": {
        "avg": 3.3333333333333335,
        "min": 0,
        "max": 16
    },
    "2016-12": {
        "avg": 6.285714285714286,
        "min": 0,
        "max": 20
    },
    "2017-01": {
        "avg": 8.571428571428571,
        "min": 0,
        "max": 20
    },
    "2017-02": {
        "avg": 4.619047619047619,
        "min": 0,
        "max": 18
    },
    "2017-03": {
        "avg": 2.1904761904761907,
        "min": 0,
        "max": 8
    },
    "2017-04": {
        "avg": 0.14285714285714285,
        "min": 0,
        "max": 2
    },
    "2017-05": {
        "avg": 0.0,
        "min": 0,
        "max": 0
    },
    "2017-06": {
        "avg": 0.0,
        "min": 0,
        "max": 0
    },
    "2017-07": {
        "avg": 0.0,
        "min": 0,
        "max": 0
    },
    "2017-08": {
        "avg": 0.0,
        "min": 0,
        "max": 0
    },
    "2017-09": {
        "avg": 0.0,
        "min": 0,
        "max": 0
    },
    "2017-10": {
        "avg": 0.2857142857142857,
        "min": 0,
        "max": 3
    },
    "2017-11": {
        "avg": 2.5238095238095237,
        "min": 0,
        "max": 8
    },
    "2017-12": {
        "avg": 6.428571428571429,
        "min": 0,
        "max": 20
    },
    "2018-01": {
        "avg": 7.809523809523809,
        "min": 0,
        "max": 22
    },
    "2018-02": {
        "avg": 5.666666666666667,
        "min": 0,
        "max": 18
    },
    "2018-03": {
        "avg": 2.857142857142857,
        "min": 0,
        "max": 14
    },
    "2018-04": {
        "avg": 0.42857142857142855,
        "min": 0,
        "max": 4
    },
    "2018-05": {
        "avg": 0.0,
        "min": 0,
        "max": 0
    },
    "2018-06": {
        "avg": 0.0,
        "min": 0,
        "max": 0
    },
    "2018-07": {
        "avg": 0.0,
        "min": 0,
        "max": 0
    },
    "2018-08": {
        "avg": 0.0,
        "min": 0,
        "max": 0
    },
    "2018-09": {
        "avg": 0.0,
        "min": 0,
        "max": 0
    },
    "2018-10": {
        "avg": 0.38095238095238093,
        "min": 0,
        "max": 4
    },
    "2018-11": {
        "avg": 2.0,
        "min": 0,
        "max": 11
    },
    "2018-12": {
        "avg": 5.190476190476191,
        "min": 0,
        "max": 15
    },
    "2019-01": {
        "avg": 6.380952380952381,
        "min": 0,
        "max": 15
    },
    "2019-02": {
        "avg": 5.523809523809524,
        "min": 0,
        "max": 18
    },
    "2019-03": {
        "avg": 2.857142857142857,
        "min": 0,
        "max": 14
    },
    "2019-04": {
        "avg": 0.14285714285714285,
        "min": 0,
        "max": 2
    },
    "2019-05": {
        "avg": 0.047619047619047616,
        "min": 0,
        "max": 1
    },
    "2019-06": {
        "avg": 0.0,
        "min": 0,
        "max": 0
    },
    "2019-07": {
        "avg": 0.0,
        "min": 0,
        "max": 0
    },
    "2019-08": {
        "avg": 0.0,
        "min": 0,
        "max": 0
    },
    "2019-09": {
        "avg": 0.0,
        "min": 0,
        "max": 0
    },
    "2019-10": {
        "avg": 0.14285714285714285,
        "min": 0,
        "max": 2
    },
    "2019-11": {
        "avg": 4.0,
        "min": 0,
        "max": 15
    },
    "2019-12": {
        "avg": 7.0,
        "min": 0,
        "max": 15
    },
    "2020-01": {
        "avg": 7.428571428571429,
        "min": 0,
        "max": 19
    },
    "2020-02": {
        "avg": 3.7142857142857144,
        "min": 0,