{
    "2012-08": {
        "avg": 20.21584402901913,
        "min": 0.8308612060548172,
        "max": 58.734906005861966
    },
    "2012-09": {
        "avg": 100.67498221261455,
        "min": 28.11279418945429,
        "max": 171.84592163086276
    },
    "2012-10": {
        "avg": 351.83774361747044,
        "min": 233.8919219970742,
        "max": 439.680644531254
    },
    "2012-11": {
        "avg": 553.4140856061704,
        "min": 439.82786865234766,
        "max": 656.8087005615273
    },
    "2012-12": {
        "avg": 730.37054364886,
        "min": 570.4286334228556,
        "max": 1095.9512896728554
    },
    "2013-01": {
        "avg": 770.6305937412848,
        "min": 568.9120532226602,
        "max": 1017.2154345703162
    },
    "2013-02": {
        "avg": 613.4270379638708,
        "min": 474.99481750488644,
        "max": 854.1604669189489
    },
    "2013-03": {
        "avg": 572.430389491494,
        "min": 391.2339862060587,
        "max": 821.63800231934
    },
    "2013-04": {
        "avg": 416.32651881627066,
        "min": 232.1888214111367,
        "max": 527.1681610107461
    },
    "2013-05": {
        "avg": 257.5946256801099,
        "min": 124.66986694336262,
        "max": 359.3511676025431
    },
    "2013-06": {
        "avg": 124.19611755371395,
        "min": 57.6405303955104,
        "max": 243.405450439457
    },
    "2013-07": {
        "avg": 49.008149239678104,
        "min": 13.340496826172524,
        "max": 240.84793762207383
    },
    "2013-08": {
        "avg": 22.225528128489124,
        "min": 1.583589477539192,
        "max": 69.43564636230677
    },
    "2013-09": {
        "avg": 84.57083966936646,
        "min": 13.961586914063536,
        "max": 159.78666687012108
    },
    "2013-10": {
        "avg": 321.89024736677294,
        "min": 240.32894165039465,
        "max": 448.7438708496134
    },
    "2013-11": {
        "avg": 550.15386396136,
        "min": 439.7721130371133,
        "max": 840.2219055175821
    },
    "2013-12": {
        "avg": 735.2047255161872,
        "min": 545.7583392334025,
        "max": 1060.781993408207
    },
    "2014-01": {
        "avg": 692.2733739362486,
        "min": 441.77543518066807,
        "max": 969.4405902099651
    },
    "2014-02": {
        "avg": 566.3937733677491,
        "min": 363.3883081054724,
        "max": 742.2916040039099
    },
    "2014-03": {
        "avg": 556.7136715262316,
        "min": 271.5489001464884,
        "max": 701.6986376953165
    },
    "2014-04": {
        "avg": 401.09768057687336,
        "min": 231.6312799072302,
        "max": 507.8417266845742
    },
    "2014-05": {
        "avg": 238.24263724191238,
        "min": 115.54467041015963,
        "max": 357.14148742676184
    },
    "2014-06": {
        "avg": 122.29169267927206,
        "min": 50.65327697754075,
        "max": 310.1224822998086
    },
    "2014-07": {
        "avg": 33.3575204903754,
        "min": 0.14146911621106711,
        "max": 82.70804260254152
    },
    "2014-08": {
        "avg": 29.62298200334976,
        "min": 0.0,
        "max": 86.41474548340142
    },
    "2014-09": {
        "avg": 106.55267804827302,
        "min": 37.53005310058762,
        "max": 231.6561163330113
    },
    "2014-10": {
        "avg": 343.1859530203723,
        "min": 235.49874938965195,
        "max": 413.2525378418009
    },
    "2014-11": {
        "avg": 557.6401062011757,
        "min": 444.6806671142617,
        "max": 692.8514923095743
    },
    "2014-12": {
        "avg": 751.7314536830396,
        "min": 582.3621203613321,
        "max": 1093.569206542972
    },
    "2015-01": {
        "avg": 766.0720608084584,
        "min": 606.2051715087931,
        "max": 945.7370654296916
    },
    "2015-02": {
        "avg": 598.0566724940747,
        "min": 433.28964477539427,
        "max": 898.8538522338904
    },
    "2015-03": {
        "avg": 563.2379770333469,
        "min": 374.8769366455118,
        "max": 764.6333514404337
    },
    "2015-04": {
        "avg": 402.0096212332629,
        "min": 301.94445190430076,
        "max": 483.7356079101601
    },
    "2015-05": {
        "avg": 253.0716156877828,
        "min": 111.33957641601938,
        "max": 329.11893676758166
    },
    "2015-06": {
        "avg": 113.07723606654875,
        "min": 34.031535644533975,
        "max": 233.24093627930012
    },
    "2015-07": {
        "avg": 34.125533621653275,
        "min": 0.0867022705079421,
        "max": 105.27997924805025
    },
    "2015-08": {
        "avg": 17.101994105748727,
        "min": 0.9670294189455717,
        "max": 68.83448364257956
    },
    "2015-09": {
        "avg": 90.55321847098502,
        "min": 7.804244384766662,
        "max": 179.61392944336248
    },
    "2015-10": {
        "avg": 329.49350359235893,
        "min": 205.54128662109673,
        "max": 415.57950439453515
    },
    "2015-11": {
        "avg": 554.1085431780175,
        "min": 364.57640991211326,
        "max": 691.7266571044961
    },
    "2015-12": {
        "avg": 698.5154903738879,
        "min": 516.3312670898478,
        "max": 872.5619952392618
    },
    "2016-01": {
        "avg": 717.3567540632016,
        "min": 527.6108203125041,
        "max": 1000.5440661621132
    },
    "2016-02": {
        "avg": 576.0415199497805,
        "min": 449.63377807617564,
        "max": 726.8700604248085
    },
    "2016-03": {
        "avg": 514.5819581822027,
        "min": 357.69654418945714,
        "max": 715.2849975585976
    },
    "2016-04": {
        "avg": 398.4137054443398,
        "min": 271.9447998046914,
        "max": 498.72428283691795
    },
    "2016-05": {
        "avg": 220.30166573661086,
        "min": 95.23430236816692,
        "max": 367.1826342773478
    },
    "2016-06": {
        "avg": 103.41946524484116,
        "min": 41.88890075683724,
        "max": 204.64637878418344
    },
    "2016-07": {
        "avg": 25.859579206195605,
        "min": 0.7825415039065092,
        "max": 62.82911499023619
    },
    "2016-08": {
        "avg": 22.180250592914202,
        "min": 1.1890631103518217,
        "max": 56.061254882814445
    },
    "2016-09": {
        "avg": 102.94594682966252,
        "min": 14.962098999024215,
        "max": 216.2625732421914
    },
    "2016-10": {
        "avg": 351.6808205740832,
        "min": 254.27439147949556,
        "max": 476.541533203129
    },
    "2016-11": {
        "avg": 569.9569427490275,
        "min": 407.59843139648825,
        "max": 846.3173400878945
    },
    "2016-12": {
        "avg": 698.2258319091837,
        "min": 539.7413745117228,
        "max": 916.5433154296916
    },
    "2017-01": {
        "avg": 734.7241612897641,
        "min": 518.4346270751994,
        "max": 935.4425189209026
    },
    "2017-02": {
        "avg": 569.384690028603,
        "min": 350.5571832275427,
        "max": 800.1830163574256
    },
    "2017-03": {
        "avg": 518.5783844866112,
        "min": 359.07348815918374,
        "max": 668.6424792480509
    },
    "2017-04": {
        "avg": 385.4832327706512,
        "min": 307.1386779785195,
        "max": 510.9851074218789
    },
    "2017-05": {
        "avg": 232.80998299735313,
        "min": 123.57683898926054,
        "max": 342.7101489257853
    },
    "2017-06": {
        "avg": 108.32576485770386,
        "min": 42.39589599609595,
        "max": 197.8340863037147
    },
    "2017-07": {
        "avg": 36.44666826520811,
        "min": 6.156199951172653,
        "max": 106.77528076172199
    },
    "2017-08": {
        "avg": 17.60008056640739,
        "min": 0.0,
        "max": 56.256101074221604
    },
    "2017-09": {
        "avg": 81.2561700439482,
        "min": 35.3312420654315,
        "max": 153.56173095703514
    },
    "2017-10": {
        "avg": 319.91636936733084,
        "min": 183.96389465332422,
        "max": 485.49426452637124
    },
    "2017-11": {
        "avg": 539.0512860979393,
        "min": 401.0289916992227,