{
    "2012-08": {
        "min": 0,
        "avg": 2.6666666666666665,
        "max": 8
    },
    "2012-09": {
        "min": 0,
        "avg": 2.0952380952380953,
        "max": 10
    },
    "2012-10": {
        "min": 0,
        "avg": 1.0,
        "max": 4
    },
    "2012-11": {
        "min": 0,
        "avg": 1.1904761904761905,
        "max": 3
    },
    "2012-12": {
        "min": 0,
        "avg": 0.6666666666666666,
        "max": 3
    },
    "2013-01": {
        "min": 0,
        "avg": 1.0476190476190477,
        "max": 6
    },
    "2013-02": {
        "min": 0,
        "avg": 0.8095238095238095,
        "max": 8
    },
    "2013-03": {
        "min": 0,
        "avg": 0.8095238095238095,
        "max": 9
    },
    "2013-04": {
        "min": 0,
        "avg": 1.0,
        "max": 6
    },
    "2013-05": {
        "min": 0,
        "avg": 2.761904761904762,
        "max": 9
    },
    "2013-06": {
        "min": 0,
        "avg": 2.3333333333333335,
        "max": 10
    },
    "2013-07": {
        "min": 0,
        "avg": 1.9047619047619047,
        "max": 7
    },
    "2013-08": {
        "min": 0,
        "avg": 1.6666666666666667,
        "max": 7
    },
    "2013-09": {
        "min": 0,
        "avg": 2.9047619047619047,
        "max": 15
    },
    "2013-10": {
        "min": 0,
        "avg": 2.2857142857142856,
        "max": 14
    },
    "2013-11": {
        "min": 0,
        "avg": 1.4285714285714286,
        "max": 11
    },
    "2013-12": {
        "min": 0,
        "avg": 1.2857142857142858,
        "max": 9
    },
    "2014-01": {
        "min": 0,
        "avg": 1.6666666666666667,
        "max": 9
    },
    "2014-02": {
        "min": 0,
        "avg": 2.380952380952381,
        "max": 12
    },
    "2014-03": {
        "min": 0,
        "avg": 1.5238095238095237,
        "max": 12
    },
    "2014-04": {
        "min": 0,
        "avg": 2.380952380952381,
        "max": 11
    },
    "2014-05": {
        "min": 0,
        "avg": 2.142857142857143,
        "max": 6
    },
    "2014-06": {
        "min": 0,
        "avg": 1.8571428571428572,
        "max": 6
    },
    "2014-07": {
        "min": 0,
        "avg": 3.3333333333333335,
        "max": 11
    },
    "2014-08": {
        "min": 0,
        "avg": 2.5714285714285716,
        "max": 8
    },
    "2014-09": {
        "min": 0,
        "avg": 2.7142857142857144,
        "max": 8
    },
    "2014-10": {
        "min": 0,
        "avg": 1.5238095238095237,
        "max": 6
    },
    "2014-11": {
        "min": 0,
        "avg": 0.9047619047619048,
        "max": 4
    },
    "2014-12": {
        "min": 0,
        "avg": 0.8095238095238095,
        "max": 5
    },
    "2015-01": {
        "min": 0,
        "avg": 0.9523809523809523,
        "max": 7
    },
    "2015-02": {
        "min": 0,
        "avg": 1.0,
        "max": 5
    },
    "2015-03": {
        "min": 0,
        "avg": 2.1904761904761907,
        "max": 12
    },
    "2015-04": {
        "min": 0,
        "avg": 1.8095238095238095,
        "max": 13
    },
    "2015-05": {
        "min": 0,
        "avg": 2.761904761904762,
        "max": 10
    },
    "2015-06": {
        "min": 0,
        "avg": 2.380952380952381,
        "max": 6
    },
    "2015-07": {
        "min": 0,
        "avg": 1.8571428571428572,
        "max": 5
    },
    "2015-08": {
        "min": 0,
        "avg": 3.4285714285714284,
        "max": 9
    },
    "2015-09": {
        "min": 0,
        "avg": 2.142857142857143,
        "max": 7
    },
    "2015-10": {
        "min": 0,
        "avg": 1.7142857142857142,
        "max": 7
    },
    "2015-11": {
        "min": 0,
        "avg": 1.5714285714285714,
        "max": 7
    },
    "2015-12": {
        "min": 0,
        "avg": 2.0952380952380953,
        "max": 8
    },
    "2016-01": {
        "min": 0,
        "avg": 1.7619047619047619,
        "max": 6
    },
    "2016-02": {
        "min": 0,
        "avg": 2.0,
        "max": 9
    },
    "2016-03": {
        "min": 0,
        "avg": 2.1904761904761907,
        "max": 13
    },
    "2016-04": {
        "min": 0,
        "avg": 1.4285714285714286,
        "max": 7
    },
    "2016-05": {
        "min": 0,
        "avg": 3.0952380952380953,
        "max": 9
    },
    "2016-06": {
        "min": 0,
        "avg": 2.6666666666666665,
        "max": 11
    },
    "2016-07": {
        "min": 0,
        "avg": 2.619047619047619,
        "max": 9
    },
    "2016-08": {
        "min": 0,
        "avg": 2.0952380952380953,
        "max": 8
    },
    "2016-09": {
        "min": 0,
        "avg": 2.142857142857143,
        "max": 16
    },
    "2016-10": {
        "min": 0,
        "avg": 2.142857142857143,
        "max": 9
    },
    "2016-11": {
        "min": 0,
        "avg": 1.0952380952380953,
        "max": 6
    },
    "2016-12": {
        "min": 0,
        "avg": 1.2857142857142858,
        "max": 5
    },
    "2017-01": {
        "min": 0,
        "avg": 1.4761904761904763,
        "max": 5
    },
    "2017-02": {
        "min": 0,
        "avg": 1.6666666666666667,
        "max": 15
    },
    "2017-03": {
        "min": 0,
        "avg": 1.380952380952381,
        "max": 6
    },
    "2017-04": {
        "min": 0,
        "avg": 1.5238095238095237,
        "max": 8
    },
    "2017-05": {
        "min": 0,
        "avg": 2.857142857142857,
        "max": 12
    },
    "2017-06": {
        "min": 0,
        "avg": 2.619047619047619,
        "max": 8
    },
    "2017-07": {
        "min": 0,
        "avg": 2.238095238095238,
        "max": 7
    },
    "2017-08": {
        "min": 0,
        "avg": 2.142857142857143,
        "max": 6
    },
    "2017-09": {
        "min": 0,
        "avg": 2.3333333333333335,
        "max": 12
    },
    "2017-10": {
        "min": 0,
        "avg": 1.380952380952381,
        "max": 5
    },
    "2017-11": {
        "min": 0,
        "avg": 1.619047619047619,
        "max": 8
    },
    "2017-12": {
        "min": 0,
        "avg": 1.6666666666666667,
        "max": 7
    },
    "2018-01": {
        "min": 0,
        "avg": 1.4285714285714286,
        "max": 5
    },
    "2018-02": {
        "min": 0,
        "avg": 1.7619047619047619,
        "max": 8
    },
    "2018-03": {
        "min": 0,
        "avg": 0.8571428571428571,
        "max": 4
    },
    "2018-04": {
        "min": 0,
        "avg": 1.6666666666666667,
        "max": 8
    },
    "2018-05": {
        "min": 0,
        "avg": 2.0476190476190474,
        "max": 8
    },
    "2018-06": {
        "min": 0,
        "avg": 2.238095238095238,
        "max": 14
    },
    "2018-07": {
        "min": 0,
        "avg": 1.619047619047619,
        "max": 9
    },
    "2018-08": {
        "min": 0,
        "avg": 2.238095238095238,
        "max": 9
    },
    "2018-09": {
        "min": 0,
        "avg": 1.5714285714285714,
        "max": 8
    },
    "2018-10": {
        "min": 0,
        "avg": 2.7142857142857144,
        "max": 10
    },
    "2018-11": {
        "min": 0,
        "avg": 1.4285714285714286,
        "max": 7
    },
    "2018-12": {
        "min": 0,
        "avg": 1.380952380952381,
        "max": 6
    },
    "2019-01": {
        "min": 0,
        "avg": 2.0,
        "max": 6
    },
    "2019-02": {
        "min": 0,
        "avg": 1.0952380952380953,
        "max": 5
    },
    "2019-03": {
        "min": 0,
        "avg": 2.4761904761904763,
        "max": 11
    },
    "2019-04": {
        "min": 0,
        "avg": 2.619047619047619,
        "max": 10
    },
    "2019-05": {
        "min": 0,
        "avg": 2.0952380952380953,
        "max": 8
    },
    "2019-06": {
        "min": 0,
        "avg": 2.0,
        "max": 9
    },
    "2019-07": {
        "min": 0,
        "avg": 1.5714285714285714,
        "max": 7
    },
    "2019-08": {
        "min": 0,
        "avg": 2.238095238095238,
        "max": 8
    },
    "2019-09": {
        "min": 0,
        "avg": 2.4761904761904763,
        "max": 10
    },