{
    "2012-08": {
        "avg": 8.238095238095237,
        "min": 2,
        "max": 23
    },
    "2012-09": {
        "avg": 6.571428571428571,
        "min": 2,
        "max": 13
    },
    "2012-10": {
        "avg": 3.5714285714285716,
        "min": 1,
        "max": 7
    },
    "2012-11": {
        "avg": 3.2857142857142856,
        "min": 0,
        "max": 8
    },
    "2012-12": {
        "avg": 2.0,
        "min": 0,
        "max": 5
    },
    "2013-01": {
        "avg": 2.7142857142857144,
        "min": 0,
        "max": 9
    },
    "2013-02": {
        "avg": 3.3333333333333335,
        "min": 0,
        "max": 9
    },
    "2013-03": {
        "avg": 4.619047619047619,
        "min": 1,
        "max": 12
    },
    "2013-04": {
        "avg": 4.380952380952381,
        "min": 0,
        "max": 14
    },
    "2013-05": {
        "avg": 5.0476190476190474,
        "min": 0,
        "max": 18
    },
    "2013-06": {
        "avg": 5.380952380952381,
        "min": 1,
        "max": 12
    },
    "2013-07": {
        "avg": 6.619047619047619,
        "min": 1,
        "max": 19
    },
    "2013-08": {
        "avg": 7.333333333333333,
        "min": 2,
        "max": 16
    },
    "2013-09": {
        "avg": 7.238095238095238,
        "min": 1,
        "max": 16
    },
    "2013-10": {
        "avg": 6.904761904761905,
        "min": 1,
        "max": 20
    },
    "2013-11": {
        "avg": 4.0476190476190474,
        "min": 0,
        "max": 14
    },
    "2013-12": {
        "avg": 3.142857142857143,
        "min": 0,
        "max": 12
    },
    "2014-01": {
        "avg": 3.9047619047619047,
        "min": 0,
        "max": 16
    },
    "2014-02": {
        "avg": 3.5238095238095237,
        "min": 0,
        "max": 8
    },
    "2014-03": {
        "avg": 3.8095238095238093,
        "min": 1,
        "max": 8
    },
    "2014-04": {
        "avg": 4.238095238095238,
        "min": 0,
        "max": 9
    },
    "2014-05": {
        "avg": 4.0,
        "min": 0,
        "max": 12
    },
    "2014-06": {
        "avg": 4.523809523809524,
        "min": 1,
        "max": 16
    },
    "2014-07": {
        "avg": 6.904761904761905,
        "min": 1,
        "max": 13
    },
    "2014-08": {
        "avg": 7.857142857142857,
        "min": 2,
        "max": 16
    },
    "2014-09": {
        "avg": 6.571428571428571,
        "min": 0,
        "max": 18
    },
    "2014-10": {
        "avg": 3.619047619047619,
        "min": 0,
        "max": 10
    },
    "2014-11": {
        "avg": 3.7142857142857144,
        "min": 1,
        "max": 10
    },
    "2014-12": {
        "avg": 3.6666666666666665,
        "min": 0,
        "max": 12
    },
    "2015-01": {
        "avg": 3.1904761904761907,
        "min": 0,
        "max": 7
    },
    "2015-02": {
        "avg": 3.0,
        "min": 0,
        "max": 8
    },
    "2015-03": {
        "avg": 4.619047619047619,
        "min": 1,
        "max": 11
    },
    "2015-04": {
        "avg": 4.666666666666667,
        "min": 1,
        "max": 13
    },
    "2015-05": {
        "avg": 3.4761904761904763,
        "min": 1,
        "max": 9
    },
    "2015-06": {
        "avg": 4.9523809523809526,
        "min": 1,
        "max": 11
    },
    "2015-07": {
        "avg": 7.0,
        "min": 3,
        "max": 14
    },
    "2015-08": {
        "avg": 8.19047619047619,
        "min": 3,
        "max": 23
    },
    "2015-09": {
        "avg": 5.333333333333333,
        "min": 1,
        "max": 12
    },
    "2015-10": {
        "avg": 5.238095238095238,
        "min": 1,
        "max": 12
    },
    "2015-11": {
        "avg": 5.285714285714286,
        "min": 0,
        "max": 14
    },
    "2015-12": {
        "avg": 3.2857142857142856,
        "min": 0,
        "max": 9
    },
    "2016-01": {
        "avg": 3.4761904761904763,
        "min": 0,
        "max": 10
    },
    "2016-02": {
        "avg": 3.857142857142857,
        "min": 0,
        "max": 18
    },
    "2016-03": {
        "avg": 4.0476190476190474,
        "min": 0,
        "max": 9
    },
    "2016-04": {
        "avg": 3.7142857142857144,
        "min": 0,
        "max": 16
    },
    "2016-05": {
        "avg": 3.2857142857142856,
        "min": 0,
        "max": 7
    },
    "2016-06": {
        "avg": 4.571428571428571,
        "min": 0,
        "max": 12
    },
    "2016-07": {
        "avg": 8.666666666666666,
        "min": 1,
        "max": 26
    },
    "2016-08": {
        "avg": 6.666666666666667,
        "min": 1,
        "max": 17
    },
    "2016-09": {
        "avg": 5.523809523809524,
        "min": 1,
        "max": 16
    },
    "2016-10": {
        "avg": 4.142857142857143,
        "min": 0,
        "max": 12
    },
    "2016-11": {
        "avg": 3.6666666666666665,
        "min": 0,
        "max": 10
    },
    "2016-12": {
        "avg": 2.6666666666666665,
        "min": 0,
        "max": 8
    },
    "2017-01": {
        "avg": 3.142857142857143,
        "min": 0,
        "max": 10
    },
    "2017-02": {
        "avg": 3.4285714285714284,
        "min": 0,
        "max": 10
    },
    "2017-03": {
        "avg": 3.5714285714285716,
        "min": 0,
        "max": 12
    },
    "2017-04": {
        "avg": 5.0,
        "min": 1,
        "max": 14
    },
    "2017-05": {
        "avg": 4.428571428571429,
        "min": 1,
        "max": 11
    },
    "2017-06": {
        "avg": 4.857142857142857,
        "min": 0,
        "max": 14
    },
    "2017-07": {
        "avg": 6.857142857142857,
        "min": 2,
        "max": 17
    },
    "2017-08": {
        "avg": 8.142857142857142,
        "min": 1,
        "max": 26
    },
    "2017-09": {
        "avg": 6.238095238095238,
        "min": 1,
        "max": 13
    },
    "2017-10": {
        "avg": 4.380952380952381,
        "min": 1,
        "max": 12
    },
    "2017-11": {
        "avg": 3.857142857142857,
        "min": 0,
        "max": 9
    },
    "2017-12": {
        "avg": 2.6666666666666665,
        "min": 0,
        "max": 6
    },
    "2018-01": {
        "avg": 3.3333333333333335,
        "min": 0,
        "max": 8
    },
    "2018-02": {
        "avg": 3.4285714285714284,
        "min": 0,
        "max": 8
    },
    "2018-03": {
        "avg": 4.380952380952381,
        "min": 1,
        "max": 12
    },
    "2018-04": {
        "avg": 4.761904761904762,
        "min": 0,
        "max": 16
    },
    "2018-05": {
        "avg": 4.809523809523809,
        "min": 1,
        "max": 13
    },
    "2018-06": {
        "avg": 5.476190476190476,
        "min": 1,
        "max": 22
    },
    "2018-07": {
        "avg": 8.380952380952381,
        "min": 1,
        "max": 27
    },
    "2018-08": {
        "avg": 8.619047619047619,
        "min": 3,
        "max": 22
    },
    "2018-09": {
        "avg": 6.333333333333333,
        "min": 1,
        "max": 15
    },
    "2018-10": {
        "avg": 5.666666666666667,
        "min": 0,
        "max": 15
    },
    "2018-11": {
        "avg": 2.8095238095238093,
        "min": 0,
        "max": 9
    },
    "2018-12": {
        "avg": 2.238095238095238,
        "min": 0,
        "max": 8
    },
    "2019-01": {
        "avg": 2.8095238095238093,
        "min": 0,
        "max": 7
    },
    "2019-02": {
        "avg": 2.2857142857142856,
        "min": 0,
        "max": 6
    },
    "2019-03": {
        "avg": 4.619047619047619,
        "min": 1,
        "max": 12
    },
    "2019-04": {
        "avg": 4.0,
        "min": 0,
        "max": 10
    },
    "2019-05": {
        "avg": 3.4285714285714284,
        "min": 0,
        "max": 12
    },
    "2019-06": {
        "avg": 5.0,
        "min": 1,
        "max": 14
    },
    "2019-07": {
        "avg": 7.761904761904762,
        "min": 2,
        "max": 20
    },
    "2019-08": {
        "avg": 7.904761904761905,
        "min": 2,
        "max": 19
    },
    "2019-09": {
        "avg": 6.619047619047619,
        "min": 1,
        "max": 12
    },