{
    "2012-08": {
        "min": 80.50468261718748,
        "max": 93.11764648437499,
        "avg": 85.98418439592632
    },
    "2012-09": {
        "min": 73.76890991210935,
        "max": 86.73420532226561,
        "avg": 79.98002790178569
    },
    "2012-10": {
        "min": 65.01022460937499,
        "max": 78.99801757812499,
        "avg": 71.23551496233257
    },
    "2012-11": {
        "min": 54.84007080078123,
        "max": 68.25042236328123,
        "avg": 60.031673235212025
    },
    "2012-12": {
        "min": 46.72348144531248,
        "max": 56.757020263671855,
        "avg": 53.43433349609373
    },
    "2013-01": {
        "min": 46.49320800781248,
        "max": 58.40546386718748,
        "avg": 52.16957170758926
    },
    "2013-02": {
        "min": 50.458558349609355,
        "max": 61.605616455078106,
        "avg": 55.2803217424665
    },
    "2013-03": {
        "min": 54.672364501953105,
        "max": 67.23572509765623,
        "avg": 60.34839338030131
    },
    "2013-04": {
        "min": 61.07349365234373,
        "max": 73.96095092773436,
        "avg": 66.6692412458147
    },
    "2013-05": {
        "min": 68.4355969238281,
        "max": 84.82758300781248,
        "avg": 75.96655482700892
    },
    "2013-06": {
        "min": 67.42122924804686,
        "max": 87.1877209472656,
        "avg": 79.75688249860488
    },
    "2013-07": {
        "min": 79.70224121093749,
        "max": 92.76443603515624,
        "avg": 84.61392508370533
    },
    "2013-08": {
        "min": 80.70188720703123,
        "max": 92.39425170898436,
        "avg": 85.0326140485491
    },
    "2013-09": {
        "min": 72.65484130859373,
        "max": 88.98189819335936,
        "avg": 81.01856288364954
    },
    "2013-10": {
        "min": 66.81494873046873,
        "max": 81.43808105468749,
        "avg": 73.28682721819195
    },
    "2013-11": {
        "min": 55.04447143554685,
        "max": 67.35492675781248,
        "avg": 60.711496756417404
    },
    "2013-12": {
        "min": 47.25719726562498,
        "max": 58.82755859374998,
        "avg": 53.949301932198644
    },
    "2014-01": {
        "min": 48.1282482910156,
        "max": 60.1833264160156,
        "avg": 54.31681815011158
    },
    "2014-02": {
        "min": 51.19118164062498,
        "max": 67.72714355468749,
        "avg": 57.73515921456471
    },
    "2014-03": {
        "min": 52.48119628906248,
        "max": 72.82837036132811,
        "avg": 59.98891026088167
    },
    "2014-04": {
        "min": 59.79979370117186,
        "max": 79.64269531249998,
        "avg": 68.39779349190846
    },
    "2014-05": {
        "min": 68.5311779785156,
        "max": 83.16046264648436,
        "avg": 76.96772059849329
    },
    "2014-06": {
        "min": 70.04817016601561,
        "max": 87.85382202148436,
        "avg": 79.88243791852678
    },
    "2014-07": {
        "min": 81.17402465820311,
        "max": 95.04151733398436,
        "avg": 86.55142421177455
    },
    "2014-08": {
        "min": 79.67406127929685,
        "max": 94.15871093749998,
        "avg": 85.97682094029017
    },
    "2014-09": {
        "min": 72.71707885742185,
        "max": 87.55867431640623,
        "avg": 80.89559971400668
    },
    "2014-10": {
        "min": 66.12786376953123,
        "max": 82.26172607421873,
        "avg": 72.38187029157363
    },
    "2014-11": {
        "min": 54.17495849609373,
        "max": 67.65243652343749,
        "avg": 59.499974190848185
    },
    "2014-12": {
        "min": 50.748377685546856,
        "max": 60.78307006835936,
        "avg": 54.41095528738837
    },
    "2015-01": {
        "min": 48.223939208984355,
        "max": 58.95126464843748,
        "avg": 52.92433506556917
    },
    "2015-02": {
        "min": 49.70901611328123,
        "max": 62.48413818359373,
        "avg": 56.98248325892854
    },
    "2015-03": {
        "min": 50.93437622070311,
        "max": 66.67663085937498,
        "avg": 61.29641932896202
    },
    "2015-04": {
        "min": 60.99801757812498,
        "max": 74.90374267578123,
        "avg": 67.45635934012275
    },
    "2015-05": {
        "min": 69.43991210937499,
        "max": 87.87079589843748,
        "avg": 76.75308175223212
    },
    "2015-06": {
        "min": 76.41403320312499,
        "max": 89.13422363281248,
        "avg": 80.67870082310264
    },
    "2015-07": {
        "min": 78.86612670898435,
        "max": 93.42894409179685,
        "avg": 85.26059082031249
    },
    "2015-08": {
        "min": 81.80205810546873,
        "max": 91.60131347656248,
        "avg": 87.25735334123883
    },
    "2015-09": {
        "min": 73.34379394531248,
        "max": 92.05927856445311,
        "avg": 81.12884992327005
    },
    "2015-10": {
        "min": 65.40985229492186,
        "max": 78.9980725097656,
        "avg": 72.05143031529016
    },
    "2015-11": {
        "min": 56.14260986328123,
        "max": 68.41302001953123,
        "avg": 61.436314522879435
    },
    "2015-12": {
        "min": 49.97301757812498,
        "max": 61.58765380859373,
        "avg": 54.72001377650666
    },
    "2016-01": {
        "min": 48.6773449707031,
        "max": 60.91924560546873,
        "avg": 54.81331124441962
    },
    "2016-02": {
        "min": 51.14712646484373,
        "max": 62.27940795898436,
        "avg": 57.81557128906246
    },
    "2016-03": {
        "min": 54.70631225585935,
        "max": 69.50555541992186,
        "avg": 61.9290774972098
    },
    "2016-04": {
        "min": 60.58196533203123,
        "max": 73.33143432617186,
        "avg": 66.87187098911829
    },
    "2016-05": {
        "min": 65.40716064453123,
        "max": 85.77152832031248,
        "avg": 77.51749738420757
    },
    "2016-06": {
        "min": 73.38356445312498,
        "max": 92.75251586914061,
        "avg": 81.3261199079241
    },
    "2016-07": {
        "min": 79.0385021972656,
        "max": 97.05668457031248,
        "avg": 86.8267337472098
    },
    "2016-08": {
        "min": 80.78648193359373,
        "max": 89.74511840820311,
        "avg": 85.22998604910711
    },
    "2016-09": {
        "min": 73.12165039062498,
        "max": 88.02625244140623,
        "avg": 80.05804129464283
    },
    "2016-10": {
        "min": 65.10745361328124,
        "max": 79.78936279296873,
        "avg": 72.71355276925222
    },
    "2016-11": {
        "min": 55.67052734374998,
        "max": 67.45243041992185,
        "avg": 59.727487967354875
    },
    "2016-12": {
        "min": 46.71590087890623,
        "max": 60.74027832031248,
        "avg": 54.37285627092631
    },
    "2017-01": {
        "min": 48.44745605468748,
        "max": 57.97699707031248,
        "avg": 53.57766584123882
    },
    "2017-02": {
        "min": 50.977113037109355,
        "max": 65.9592785644531,
        "avg": 57.6916036551339
    },
    "2017-03": {
        "min": 55.92178466796873,
        "max": 66.6439465332031,
        "avg": 61.590871233258895
    },
    "2017-04": {
        "min": 61.11436279296873,
        "max": 77.55183227539061,
        "avg": 67.61946969168525
    },
    "2017-05": {
        "min": 70.52667968749998,
        "max": 83.94274414062498,
        "avg": 76.32200177873881
    },
    "2017-06": {
        "min": 72.96421630859373,
        "max": 90.60468872070311,
        "avg": 80.55836390904017
    },
    "2017-07": {
        "min": 79.40242431640623,
        "max": 96.73225830078123,
        "avg": 85.94071254185265
    },
    "2017-08": {
        "min": 78.8915051269531,
        "max": 91.8766857910156,
        "avg": 85.46833966936381
    },
    "2017-09": {
        "min": 74.93664672851561,
        "max": 85.26846435546874,
        "avg": 79.9971168736049
    },
    "2017-10": {
        "min": 63.2605969238281,
        "max": 78.3881115722656,
        "avg": 72.5471909877232
    },
    "2017-11": {
        "min": 54.87550170898435,
        "max": 68.63318603515623,
        "avg": 60.91231898716516
    },