{
    "2012-08": {
        "max": 54.082728271484356,
        "min": 44.92611816406248,
        "avg": 50.14747785295757
    },
    "2012-09": {
        "max": 49.3464123535156,
        "min": 33.87865112304686,
        "avg": 44.85826189313613
    },
    "2012-10": {
        "max": 42.64436767578123,
        "min": 26.980665283203106,
        "avg": 36.34847708565846
    },
    "2012-11": {
        "max": 34.54953124999998,
        "min": 10.89959228515623,
        "avg": 27.444651925223184
    },
    "2012-12": {
        "max": 35.52824829101561,
        "min": 2.5062573242187285,
        "avg": 24.148845040457566
    },
    "2013-01": {
        "max": 35.31802490234373,
        "min": -7.589326782226585,
        "avg": 18.00908455984931
    },
    "2013-02": {
        "max": 32.07848632812498,
        "min": 6.774226074218729,
        "avg": 22.53552106584819
    },
    "2013-03": {
        "max": 37.06754272460935,
        "min": 16.16402099609373,
        "avg": 28.841330740792394
    },
    "2013-04": {
        "max": 43.21681030273435,
        "min": 28.58626220703123,
        "avg": 34.68079432896203
    },
    "2013-05": {
        "max": 43.6348400878906,
        "min": 34.39500854492186,
        "avg": 39.71091081891739
    },
    "2013-06": {
        "max": 51.05143554687498,
        "min": 34.210328369140605,
        "avg": 45.231268659319184
    },
    "2013-07": {
        "max": 53.14422119140623,
        "min": 32.66911132812498,
        "avg": 49.18041155133927
    },
    "2013-08": {
        "max": 54.71927612304685,
        "min": 43.63720214843748,
        "avg": 50.658690011160694
    },
    "2013-09": {
        "max": 51.24561889648435,
        "min": 42.16668212890623,
        "avg": 46.135051095145066
    },
    "2013-10": {
        "max": 42.64354370117186,
        "min": 29.845899658203106,
        "avg": 36.60557285853792
    },
    "2013-11": {
        "max": 39.77243164062498,
        "min": 12.653065185546854,
        "avg": 28.845646798270064
    },
    "2013-12": {
        "max": 32.96947753906248,
        "min": 1.8127453613281035,
        "avg": 22.309330880301317
    },
    "2014-01": {
        "max": 33.46941040039061,
        "min": 9.537177734374978,
        "avg": 23.73083356584819
    },
    "2014-02": {
        "max": 41.81446044921873,
        "min": 9.451209716796853,
        "avg": 25.93974469866069
    },
    "2014-03": {
        "max": 44.26682861328123,
        "min": 20.71499755859373,
        "avg": 30.143820103236585
    },
    "2014-04": {
        "max": 41.05266845703123,
        "min": 23.889442138671853,
        "avg": 34.79013968331471
    },
    "2014-05": {
        "max": 45.5704113769531,
        "min": 31.72923095703123,
        "avg": 40.76929181780132
    },
    "2014-06": {
        "max": 50.04739501953123,
        "min": 39.24986694335936,
        "avg": 45.042199183872754
    },
    "2014-07": {
        "max": 53.96896484374998,
        "min": 47.41270874023436,
        "avg": 50.40994123186382
    },
    "2014-08": {
        "max": 56.14074218749998,
        "min": 42.08549316406248,
        "avg": 49.86844866071425
    },
    "2014-09": {
        "max": 50.98930786132811,
        "min": 31.505823974609353,
        "avg": 45.21001011439729
    },
    "2014-10": {
        "max": 42.83003662109373,
        "min": 26.80109374999998,
        "avg": 36.44273193359373
    },
    "2014-11": {
        "max": 35.19261596679686,
        "min": 18.216761474609353,
        "avg": 29.72355381556917
    },
    "2014-12": {
        "max": 32.42675292968748,
        "min": 1.8385083007812284,
        "avg": 20.92708339146203
    },
    "2015-01": {
        "max": 34.00658691406248,
        "min": -11.543278808593772,
        "avg": 17.700741489955334
    },
    "2015-02": {
        "max": 34.0448742675781,
        "min": -1.125850219726584,
        "avg": 24.27439653669083
    },
    "2015-03": {
        "max": 43.71668823242185,
        "min": 12.949915771484354,
        "avg": 26.77675641741069
    },
    "2015-04": {
        "max": 40.55498779296873,
        "min": 24.72193115234373,
        "avg": 34.595208217075864
    },
    "2015-05": {
        "max": 45.58255126953123,
        "min": 28.699696044921854,
        "avg": 40.48946742466515
    },
    "2015-06": {
        "max": 48.19059570312498,
        "min": 40.749390869140605,
        "avg": 45.479190848214266
    },
    "2015-07": {
        "max": 55.26677978515623,
        "min": 41.15747802734373,
        "avg": 50.35972063337051
    },
    "2015-08": {
        "max": 54.34370849609373,
        "min": 37.55681884765623,
        "avg": 50.38780378069195
    },
    "2015-09": {
        "max": 50.51398437499998,
        "min": 35.86833007812498,
        "avg": 47.064020996093724
    },
    "2015-10": {
        "max": 43.25828369140623,
        "min": 25.048939208984354,
        "avg": 35.691604527064705
    },
    "2015-11": {
        "max": 38.84276855468748,
        "min": 13.396619873046854,
        "avg": 28.782548653738814
    },
    "2015-12": {
        "max": 32.61906860351561,
        "min": 10.797254638671854,
        "avg": 23.86092738560266
    },
    "2016-01": {
        "max": 33.8987561035156,
        "min": 7.802161865234353,
        "avg": 22.49138480050221
    },
    "2016-02": {
        "max": 34.24427612304685,
        "min": 12.466956787109353,
        "avg": 25.846026088169623
    },
    "2016-03": {
        "max": 37.84965942382811,
        "min": 19.665418701171856,
        "avg": 31.166579241071396
    },
    "2016-04": {
        "max": 43.45318115234373,
        "min": 26.375208740234353,
        "avg": 35.36234165736604
    },
    "2016-05": {
        "max": 45.55937011718748,
        "min": 36.75448730468748,
        "avg": 40.95953055245533
    },
    "2016-06": {
        "max": 49.29093139648435,
        "min": 42.1734387207031,
        "avg": 46.79427263532363
    },
    "2016-07": {
        "max": 54.83397338867186,
        "min": 45.91258056640623,
        "avg": 50.71129098074774
    },
    "2016-08": {
        "max": 56.275599365234356,
        "min": 47.973231201171856,
        "avg": 51.49952340262274
    },
    "2016-09": {
        "max": 50.950196533203105,
        "min": 36.33695190429685,
        "avg": 45.6944627162388
    },
    "2016-10": {
        "max": 42.241334228515605,
        "min": 28.28611572265623,
        "avg": 34.86457205636158
    },
    "2016-11": {
        "max": 39.89020507812498,
        "min": 8.49962890624998,
        "avg": 27.941027308872744
    },
    "2016-12": {
        "max": 36.58068359374998,
        "min": 13.169477539062479,
        "avg": 25.476163504464267
    },
    "2017-01": {
        "max": 35.74726074218748,
        "min": 8.749842529296854,
        "avg": 22.084181780133903
    },
    "2017-02": {
        "max": 39.68794677734373,
        "min": 11.153760986328104,
        "avg": 24.468827078683013
    },
    "2017-03": {
        "max": 40.99433105468748,
        "min": 21.640650634765603,
        "avg": 31.059295131138363
    },
    "2017-04": {
        "max": 41.0066906738281,
        "min": 31.005177001953104,
        "avg": 35.99486380440846
    },
    "2017-05": {
        "max": 46.70095947265623,
        "min": 35.94583862304685,
        "avg": 40.47366280691962
    },
    "2017-06": {
        "max": 50.58781249999998,
        "min": 35.46375854492185,
        "avg": 46.502080775669626
    },
    "2017-07": {
        "max": 54.02592895507811,
        "min": 45.3913342285156,
        "avg": 49.969808000837034
    },
    "2017-08": {
        "max": 55.76753662109373,
        "min": 48.26815917968748,
        "avg": 52.13835222516739
    },
    "2017-09": {
        "max": 49.7750988769531,
        "min": 43.43324096679685,
        "avg": 47.162238769531236
    },
    "2017-10": {
        "max": 47.13563354492185,
        "min": 22.22166259765623,
        "avg": 37.099094412667384
    },
    "2017-11": {
        "max": 39.47997558593748,