{
    "2012-08": {
        "min": 73.46299560546873,
        "max": 84.08018310546873,
        "avg": 78.54120343889505
    },
    "2012-09": {
        "min": 67.25247924804685,
        "max": 77.15160034179685,
        "avg": 71.48390276227676
    },
    "2012-10": {
        "min": 56.62760131835935,
        "max": 65.50427978515623,
        "avg": 60.45547607421871
    },
    "2012-11": {
        "min": 47.72980163574217,
        "max": 56.66500976562498,
        "avg": 51.911955392020054
    },
    "2012-12": {
        "min": 39.83131835937498,
        "max": 49.752137451171855,
        "avg": 46.515871233258906
    },
    "2013-01": {
        "min": 39.67998168945311,
        "max": 50.27140624999998,
        "avg": 46.10226213727677
    },
    "2013-02": {
        "min": 42.643214111328106,
        "max": 53.70125549316404,
        "avg": 49.6703376988002
    },
    "2013-03": {
        "min": 46.41927001953123,
        "max": 60.82536743164061,
        "avg": 53.86488507952007
    },
    "2013-04": {
        "min": 54.941309814453106,
        "max": 67.15272338867186,
        "avg": 59.126240234375
    },
    "2013-05": {
        "min": 61.39154785156248,
        "max": 70.52552612304686,
        "avg": 65.61932495117185
    },
    "2013-06": {
        "min": 64.11959045410154,
        "max": 74.26705749511717,
        "avg": 70.44964590890065
    },
    "2013-07": {
        "min": 67.13426635742185,
        "max": 81.54794433593749,
        "avg": 76.04632341657366
    },
    "2013-08": {
        "min": 73.64514892578123,
        "max": 80.90634277343749,
        "avg": 77.01642665318077
    },
    "2013-09": {
        "min": 67.84107177734373,
        "max": 80.89947631835936,
        "avg": 73.22157235281807
    },
    "2013-10": {
        "min": 56.925989990234356,
        "max": 70.15204589843748,
        "avg": 62.307982875278974
    },
    "2013-11": {
        "min": 44.488944702148416,
        "max": 59.33779113769529,
        "avg": 52.381126534598174
    },
    "2013-12": {
        "min": 35.21739013671873,
        "max": 51.9325939941406,
        "avg": 46.184654366629445
    },
    "2014-01": {
        "min": 40.718958740234356,
        "max": 56.881715087890605,
        "avg": 47.8039083426339
    },
    "2014-02": {
        "min": 45.20275390624998,
        "max": 57.437980346679666,
        "avg": 51.13304042271203
    },
    "2014-03": {
        "min": 49.6144787597656,
        "max": 62.17201660156248,
        "avg": 54.41901454380578
    },
    "2014-04": {
        "min": 53.94693725585935,
        "max": 68.14429443359373,
        "avg": 59.84238926478791
    },
    "2014-05": {
        "min": 61.01087158203123,
        "max": 72.22230957031248,
        "avg": 66.81564191545756
    },
    "2014-06": {
        "min": 60.54219482421873,
        "max": 75.28062866210935,
        "avg": 70.40686854771204
    },
    "2014-07": {
        "min": 70.92053955078123,
        "max": 83.16820800781248,
        "avg": 76.78636771065847
    },
    "2014-08": {
        "min": 72.54261596679686,
        "max": 83.43231933593748,
        "avg": 76.93948835100444
    },
    "2014-09": {
        "min": 67.25390747070311,
        "max": 75.6564434814453,
        "avg": 71.78256216866627
    },
    "2014-10": {
        "min": 56.984217529296856,
        "max": 65.81403930664061,
        "avg": 60.17796665736604
    },
    "2014-11": {
        "min": 46.15362060546873,
        "max": 55.903410034179664,
        "avg": 51.58609697614394
    },
    "2014-12": {
        "min": 38.81327026367185,
        "max": 50.46866577148435,
        "avg": 45.91446393694194
    },
    "2015-01": {
        "min": 42.10384033203123,
        "max": 52.81649902343748,
        "avg": 46.259298618861585
    },
    "2015-02": {
        "min": 39.5523205566406,
        "max": 55.31643798828123,
        "avg": 49.66946271623882
    },
    "2015-03": {
        "min": 47.6391369628906,
        "max": 59.6155529785156,
        "avg": 54.111569998604885
    },
    "2015-04": {
        "min": 55.634409790039044,
        "max": 64.3104504394531,
        "avg": 60.03170331682475
    },
    "2015-05": {
        "min": 61.123536376953105,
        "max": 72.31904418945311,
        "avg": 65.44933244977675
    },
    "2015-06": {
        "min": 65.24772155761717,
        "max": 75.66861083984374,
        "avg": 70.76083888462608
    },
    "2015-07": {
        "min": 70.81518066406248,
        "max": 82.40636108398435,
        "avg": 77.03901925223214
    },
    "2015-08": {
        "min": 73.32698486328123,
        "max": 81.85396850585936,
        "avg": 78.8466312081473
    },
    "2015-09": {
        "min": 67.55210388183592,
        "max": 80.76058166503904,
        "avg": 72.5665282331194
    },
    "2015-10": {
        "min": 57.54732177734373,
        "max": 67.18765991210935,
        "avg": 61.042135532924085
    },
    "2015-11": {
        "min": 47.90162780761717,
        "max": 58.06469543457029,
        "avg": 52.225009504045744
    },
    "2015-12": {
        "min": 42.7359387207031,
        "max": 52.05042236328123,
        "avg": 47.691931501116045
    },
    "2016-01": {
        "min": 37.3042980957031,
        "max": 51.9580822753906,
        "avg": 46.94642020089283
    },
    "2016-02": {
        "min": 46.63009765624998,
        "max": 55.773743896484355,
        "avg": 51.27072004045757
    },
    "2016-03": {
        "min": 47.67473266601561,
        "max": 61.9105969238281,
        "avg": 54.8760261753627
    },
    "2016-04": {
        "min": 53.98346679687498,
        "max": 64.27952392578123,
        "avg": 59.297596871512255
    },
    "2016-05": {
        "min": 59.61923339843748,
        "max": 71.10142944335935,
        "avg": 66.4956311035156
    },
    "2016-06": {
        "min": 65.02788513183592,
        "max": 78.82113769531249,
        "avg": 70.96678152901784
    },
    "2016-07": {
        "min": 72.41978881835935,
        "max": 84.13604858398436,
        "avg": 76.8740412248884
    },
    "2016-08": {
        "min": 73.17680175781248,
        "max": 81.73910644531249,
        "avg": 77.47676688058034
    },
    "2016-09": {
        "min": 65.09317138671874,
        "max": 81.71216247558591,
        "avg": 71.31646981375556
    },
    "2016-10": {
        "min": 55.46327026367185,
        "max": 64.03167236328123,
        "avg": 60.21698120117185
    },
    "2016-11": {
        "min": 44.838145141601544,
        "max": 56.07485168457029,
        "avg": 51.13113874162944
    },
    "2016-12": {
        "min": 38.13722656249998,
        "max": 51.37745483398435,
        "avg": 47.028645019531226
    },
    "2017-01": {
        "min": 39.12017333984373,
        "max": 52.253504638671856,
        "avg": 46.56937726702007
    },
    "2017-02": {
        "min": 45.441294555664044,
        "max": 59.67309387207029,
        "avg": 50.86240792410711
    },
    "2017-03": {
        "min": 51.27742431640623,
        "max": 59.70338867187498,
        "avg": 55.31755754743302
    },
    "2017-04": {
        "min": 55.33184631347654,
        "max": 65.12118652343749,
        "avg": 60.15632097516738
    },
    "2017-05": {
        "min": 61.055421142578105,
        "max": 71.63739746093748,
        "avg": 67.03244402204238
    },
    "2017-06": {
        "min": 65.37403686523436,
        "max": 74.69261291503905,
        "avg": 70.79630902971537
    },
    "2017-07": {
        "min": 70.47581298828123,
        "max": 84.5553967285156,
        "avg": 77.01642142159596
    },
    "2017-08": {
        "min": 72.26977050781248,
        "max": 83.11311157226561,
        "avg": 77.68206734793526
    },
    "2017-09": {
        "min": 68.55743530273436,
        "max": 75.37527587890624,
        "avg": 72.01345031738278
    },
    "2017-10": {
        "min": 56.43319824218748,
        "max": 66.7834729003906,
        "avg": 61.72312046595979
    },
    "2017-11": {
        "min": 49.60148742675779,
        "max": 56.83084838867185,