{
    "2012-08": {
        "max": 0.03302356207149294,
        "min": 0.0,
        "avg": 0.0058632113621818775
    },
    "2012-09": {
        "max": 0.06255901854725437,
        "min": 0.0,
        "avg": 0.015425057935847138
    },
    "2012-10": {
        "max": 0.17276318884989994,
        "min": 8.027690008801317e-05,
        "avg": 0.0654732640337676
    },
    "2012-11": {
        "max": 0.3274095993613692,
        "min": 0.0,
        "avg": 0.11047985626298715
    },
    "2012-12": {
        "max": 0.24694504901972109,
        "min": 0.015632363366729428,
        "avg": 0.12998141064231322
    },
    "2013-01": {
        "max": 0.24971268579774486,
        "min": 0.007517326565452037,
        "avg": 0.09841424394954158
    },
    "2013-02": {
        "max": 0.2984791388185182,
        "min": 0.0,
        "avg": 0.07403938287934701
    },
    "2013-03": {
        "max": 0.16002386751562708,
        "min": 0.0,
        "avg": 0.050391401023788876
    },
    "2013-04": {
        "max": 0.10400737865413649,
        "min": 0.0013680062220660111,
        "avg": 0.04150632475674499
    },
    "2013-05": {
        "max": 0.15903084711208354,
        "min": 0.0,
        "avg": 0.03390625224567447
    },
    "2013-06": {
        "max": 0.09193092581860017,
        "min": 0.0,
        "avg": 0.016989698497050662
    },
    "2013-07": {
        "max": 0.0322500716319205,
        "min": 0.0,
        "avg": 0.01218446974005957
    },
    "2013-08": {
        "max": 0.037615589992744544,
        "min": 0.0,
        "avg": 0.006283868312426714
    },
    "2013-09": {
        "max": 0.09686605902627023,
        "min": 0.0,
        "avg": 0.013022573419402965
    },
    "2013-10": {
        "max": 0.20545938026570665,
        "min": 0.0,
        "avg": 0.03628881660789959
    },
    "2013-11": {
        "max": 0.5026106350490545,
        "min": 0.0,
        "avg": 0.10959876954663554
    },
    "2013-12": {
        "max": 0.29975579094552385,
        "min": 0.004193716850700077,
        "avg": 0.11182088409051567
    },
    "2014-01": {
        "max": 0.41059731124482285,
        "min": 0.0,
        "avg": 0.11392582893249535
    },
    "2014-02": {
        "max": 0.271898453255866,
        "min": 0.0003536628280310501,
        "avg": 0.08268377241001382
    },
    "2014-03": {
        "max": 0.24988672578722004,
        "min": 0.00012726939854746172,
        "avg": 0.06126110206013117
    },
    "2014-04": {
        "max": 0.13155840460108373,
        "min": 0.0,
        "avg": 0.040913419572484365
    },
    "2014-05": {
        "max": 0.1612191920821357,
        "min": 0.0,
        "avg": 0.027992551712475347
    },
    "2014-06": {
        "max": 0.12176613072226719,
        "min": 0.0,
        "avg": 0.02821677954715534
    },
    "2014-07": {
        "max": 0.03923873192957038,
        "min": 0.0,
        "avg": 0.00788155341255992
    },
    "2014-08": {
        "max": 0.06741899460752121,
        "min": 0.0,
        "avg": 0.007342375414976428
    },
    "2014-09": {
        "max": 0.19827979757985847,
        "min": 0.0,
        "avg": 0.02859537985402197
    },
    "2014-10": {
        "max": 0.34853671017418225,
        "min": 0.0,
        "avg": 0.10669314612868874
    },
    "2014-11": {
        "max": 0.296012483313533,
        "min": 0.0,
        "avg": 0.0880654976625765
    },
    "2014-12": {
        "max": 0.26643069691985377,
        "min": 0.0,
        "avg": 0.08864434045153043
    },
    "2015-01": {
        "max": 0.34950873044532116,
        "min": 0.0,
        "avg": 0.11455808154000137
    },
    "2015-02": {
        "max": 0.27197517736954246,
        "min": 0.007547571296140453,
        "avg": 0.07697255573531828
    },
    "2015-03": {
        "max": 0.1605927520688242,
        "min": 0.0,
        "avg": 0.03628496325097695
    },
    "2015-04": {
        "max": 0.12072534646424575,
        "min": 0.0,
        "avg": 0.03176155945033861
    },
    "2015-05": {
        "max": 0.09797387788490224,
        "min": 0.0,
        "avg": 0.03575353173665934
    },
    "2015-06": {
        "max": 0.0534521895469951,
        "min": 0.0,
        "avg": 0.016348421742859408
    },
    "2015-07": {
        "max": 0.03165446048122134,
        "min": 0.0,
        "avg": 0.0051754049161790725
    },
    "2015-08": {
        "max": 0.026387473825900634,
        "min": 0.0,
        "avg": 0.0027049321159536436
    },
    "2015-09": {
        "max": 0.10498495832980266,
        "min": 0.0,
        "avg": 0.01689277087088238
    },
    "2015-10": {
        "max": 0.18752587356010644,
        "min": 0.0,
        "avg": 0.05078646811165614
    },
    "2015-11": {
        "max": 0.3343216871373414,
        "min": 0.0,
        "avg": 0.08549667832882449
    },
    "2015-12": {
        "max": 0.3050196096374411,
        "min": 0.0,
        "avg": 0.12367136654875781
    },
    "2016-01": {
        "max": 0.3518189182578344,
        "min": 0.0,
        "avg": 0.10566442908038697
    },
    "2016-02": {
        "max": 0.3212238661944866,
        "min": 0.0,
        "avg": 0.07941784799239479
    },
    "2016-03": {
        "max": 0.2534157627694837,
        "min": 0.0003247409743946307,
        "avg": 0.04493829047265398
    },
    "2016-04": {
        "max": 0.1980665169186949,
        "min": 0.0,
        "avg": 0.05090884368296589
    },
    "2016-05": {
        "max": 0.13175452133552648,
        "min": 0.0,
        "avg": 0.028874982653428076
    },
    "2016-06": {
        "max": 0.13166335576367894,
        "min": 0.0,
        "avg": 0.0395612217607112
    },
    "2016-07": {
        "max": 0.09944289716466616,
        "min": 0.0,
        "avg": 0.012977501529083986
    },
    "2016-08": {
        "max": 0.07237946224127581,
        "min": 0.0,
        "avg": 0.008065307383411421
    },
    "2016-09": {
        "max": 0.0755348001967925,
        "min": 0.0,
        "avg": 0.02153133246992244
    },
    "2016-10": {
        "max": 0.2047625025660973,
        "min": 0.0,
        "avg": 0.06492952679477677
    },
    "2016-11": {
        "max": 0.32216947852069233,
        "min": 0.0,
        "avg": 0.12354631373835627
    },
    "2016-12": {
        "max": 0.3891259690336003,
        "min": 0.013417670779172185,
        "avg": 0.12346182482542851
    },
    "2017-01": {
        "max": 0.336988815326449,
        "min": 0.0084505408317562,
        "avg": 0.1091748698751316
    },
    "2017-02": {
        "max": 0.3012049485797312,
        "min": 0.0,
        "avg": 0.09810959918478374
    },
    "2017-03": {
        "max": 0.16901746812078544,
        "min": 0.0,
        "avg": 0.06576404639694114
    },
    "2017-04": {
        "max": 0.1120044227403508,
        "min": 0.0,
        "avg": 0.03470105863690535
    },
    "2017-05": {
        "max": 0.08418943799892807,
        "min": 0.0,
        "avg": 0.029531042721503958
    },
    "2017-06": {
        "max": 0.05136055253788931,
        "min": 0.0,
        "avg": 0.020255699981301726
    },
    "2017-07": {
        "max": 0.08839100514956581,
        "min": 0.0,
        "avg": 0.01201658769674637
    },
    "2017-08": {
        "max": 0.06782189520317915,
        "min": 0.0,
        "avg": 0.011189509584004416
    },
    "2017-09": {
        "max": 0.09073126077098317,
        "min": 0.0,
        "avg": 0.030010344802938745
    },
    "2017-10": {
        "max": 0.19655847971466936,
        "min": 0.0,
        "avg": 0.05094075866947097
    },
    "2017-11": {
        "max": 0.3148517429307983,
        "min": 0.0,
        "avg": 0.10722389391604156
    },
    "2017-12": {
        "max": 0.3100872868452016,
        "min": 0.012231668347160985,
        "avg": 0.13185900995100974
    },
    "2018-01": {
        "max": 0.2568695606209162,
        "min": 0.0,
        "avg": 0.10233915238768224
    },
    "2018-02": {
        "max": 0.25953116962378187,
        "min": 0.00546142446970536,
        "avg": 0.09106983423559069
    },
    "2018-03": {
        "max": 0.20246294475578536,
        "min": 0.0,