{
    "2012-08": {
        "min": 53.76648681640623,
        "max": 58.84244506835935,
        "avg": 56.19443394252231
    },
    "2012-09": {
        "min": 49.34314392089842,
        "max": 56.29034851074217,
        "avg": 53.06913617815289
    },
    "2012-10": {
        "min": 44.29874389648435,
        "max": 49.07927978515623,
        "avg": 46.56874162946427
    },
    "2012-11": {
        "min": 36.496610717773414,
        "max": 47.27554443359373,
        "avg": 42.053598807198625
    },
    "2012-12": {
        "min": 22.732581787109353,
        "max": 43.957728271484356,
        "avg": 37.22022914341516
    },
    "2013-01": {
        "min": 27.759925537109353,
        "max": 43.88697631835935,
        "avg": 35.93003923688614
    },
    "2013-02": {
        "min": 30.467423706054667,
        "max": 42.817594604492164,
        "avg": 37.7218753487723
    },
    "2013-03": {
        "min": 30.42658203124998,
        "max": 44.303797607421856,
        "avg": 39.590827636718736
    },
    "2013-04": {
        "min": 40.08620117187498,
        "max": 48.6775646972656,
        "avg": 43.58022365025109
    },
    "2013-05": {
        "min": 44.71430175781248,
        "max": 52.88955810546873,
        "avg": 47.73245012555802
    },
    "2013-06": {
        "min": 49.55674560546873,
        "max": 54.552970581054666,
        "avg": 52.20778974260599
    },
    "2013-07": {
        "min": 47.30751464843748,
        "max": 58.123719482421855,
        "avg": 55.13073242187497
    },
    "2013-08": {
        "min": 54.14672363281248,
        "max": 60.066651611328105,
        "avg": 55.968683210100416
    },
    "2013-09": {
        "min": 49.53922241210935,
        "max": 56.267936401367166,
        "avg": 53.452978864397295
    },
    "2013-10": {
        "min": 42.65436523437498,
        "max": 50.7473889160156,
        "avg": 46.99303362165176
    },
    "2013-11": {
        "min": 35.82075927734373,
        "max": 46.18023498535154,
        "avg": 41.74907217843189
    },
    "2013-12": {
        "min": 23.371821289062478,
        "max": 43.50987060546873,
        "avg": 36.99816406249998
    },
    "2014-01": {
        "min": 26.265345458984353,
        "max": 47.25236328124998,
        "avg": 38.921794259207566
    },
    "2014-02": {
        "min": 33.13490417480467,
        "max": 47.306031494140605,
        "avg": 38.78986415318079
    },
    "2014-03": {
        "min": 34.87187011718748,
        "max": 50.14802978515623,
        "avg": 40.38903145926337
    },
    "2014-04": {
        "min": 39.811900024414044,
        "max": 48.25398681640623,
        "avg": 43.47513942173547
    },
    "2014-05": {
        "min": 43.87219970703123,
        "max": 51.64019287109373,
        "avg": 48.163700125558016
    },
    "2014-06": {
        "min": 47.74172180175779,
        "max": 56.73598144531248,
        "avg": 52.597563738141716
    },
    "2014-07": {
        "min": 52.998597412109355,
        "max": 60.84058349609373,
        "avg": 56.076681431361585
    },
    "2014-08": {
        "min": 52.13628051757811,
        "max": 60.08252685546873,
        "avg": 56.1826419503348
    },
    "2014-09": {
        "min": 49.10973937988279,
        "max": 56.234071044921855,
        "avg": 52.65561078752787
    },
    "2014-10": {
        "min": 41.74480712890623,
        "max": 50.34105957031248,
        "avg": 47.59591884068078
    },
    "2014-11": {
        "min": 36.89203613281248,
        "max": 46.090202026367166,
        "avg": 41.476197945731
    },
    "2014-12": {
        "min": 24.68985107421873,
        "max": 43.68664062499998,
        "avg": 36.39110665457586
    },
    "2015-01": {
        "min": 28.72128417968748,
        "max": 42.69864013671873,
        "avg": 36.55848597935265
    },
    "2015-02": {
        "min": 21.083973388671854,
        "max": 44.20080078124998,
        "avg": 37.79080932617186
    },
    "2015-03": {
        "min": 33.50797241210935,
        "max": 46.429322509765605,
        "avg": 40.12307861328122
    },
    "2015-04": {
        "min": 39.337427978515606,
        "max": 48.32861145019529,
        "avg": 43.41421238490511
    },
    "2015-05": {
        "min": 42.38432128906248,
        "max": 50.949097900390605,
        "avg": 47.722554582868284
    },
    "2015-06": {
        "min": 47.335172729492164,
        "max": 56.08696411132811,
        "avg": 52.64109052385601
    },
    "2015-07": {
        "min": 52.77299316406248,
        "max": 58.98697021484373,
        "avg": 55.802112165178556
    },
    "2015-08": {
        "min": 54.06707275390623,
        "max": 58.97230346679685,
        "avg": 56.67187098911826
    },
    "2015-09": {
        "min": 48.363465576171855,
        "max": 57.26192443847654,
        "avg": 53.03486275809149
    },
    "2015-10": {
        "min": 44.713587646484356,
        "max": 51.93891113281248,
        "avg": 47.74555786132811
    },
    "2015-11": {
        "min": 34.95261962890623,
        "max": 47.26192138671873,
        "avg": 41.27471522739953
    },
    "2015-12": {
        "min": 29.06515624999998,
        "max": 45.00928466796873,
        "avg": 38.6462676130022
    },
    "2016-01": {
        "min": 25.15314453124998,
        "max": 45.46686523437498,
        "avg": 37.64986781529015
    },
    "2016-02": {
        "min": 31.489344482421853,
        "max": 44.85316894531248,
        "avg": 39.14863054547988
    },
    "2016-03": {
        "min": 31.499039916992167,
        "max": 47.790858154296856,
        "avg": 41.154795532226544
    },
    "2016-04": {
        "min": 40.869334106445294,
        "max": 47.70826843261717,
        "avg": 44.156422555106005
    },
    "2016-05": {
        "min": 46.274195556640606,
        "max": 55.41223876953123,
        "avg": 49.12766148158481
    },
    "2016-06": {
        "min": 50.04176452636717,
        "max": 58.23270385742185,
        "avg": 53.546451590401766
    },
    "2016-07": {
        "min": 53.79582031249998,
        "max": 62.96599853515623,
        "avg": 56.43802176339283
    },
    "2016-08": {
        "min": 53.399927978515606,
        "max": 60.64085205078123,
        "avg": 56.67301409040176
    },
    "2016-09": {
        "min": 48.44394042968748,
        "max": 57.26277587890623,
        "avg": 52.99613202776225
    },
    "2016-10": {
        "min": 43.2788830566406,
        "max": 49.62167480468748,
        "avg": 46.740863385881674
    },
    "2016-11": {
        "min": 31.37459228515623,
        "max": 47.30171936035154,
        "avg": 41.27112505231583
    },
    "2016-12": {
        "min": 27.116456298828105,
        "max": 44.26946533203123,
        "avg": 38.41895263671873
    },
    "2017-01": {
        "min": 29.589918212890606,
        "max": 44.166138916015605,
        "avg": 37.25517089843748
    },
    "2017-02": {
        "min": 29.67544677734373,
        "max": 46.576347045898416,
        "avg": 39.25894112723212
    },
    "2017-03": {
        "min": 35.814332275390605,
        "max": 46.68156860351561,
        "avg": 41.77024571010042
    },
    "2017-04": {
        "min": 40.66715820312498,
        "max": 46.88374450683592,
        "avg": 44.163149065290156
    },
    "2017-05": {
        "min": 45.58859374999998,
        "max": 51.32938964843748,
        "avg": 48.74354282924104
    },
    "2017-06": {
        "min": 50.04058349609373,
        "max": 56.26554687499998,
        "avg": 53.06940429687498
    },
    "2017-07": {
        "min": 52.2327404785156,
        "max": 59.4175793457031,
        "avg": 55.97131992885042
    },
    "2017-08": {
        "min": 54.58458374023436,
        "max": 59.765406494140606,
        "avg": 56.88539027622765
    },
    "2017-09": {
        "min": 51.80570190429685,
        "max": 55.98270385742185,
        "avg": 53.82515511648993
    },
    "2017-10": {
        "min": 41.58621948242185,
        "max": 52.08349121093748,
        "avg": 47.43735996791293
    },
    "2017-11": {
        "min": 35.817985229492166,