{
    "2012-08": {
        "avg": 1.4082049399960517,
        "min": 0.0693627338993728,
        "max": 4.446385370875208
    },
    "2012-09": {
        "avg": 2.897351180011435,
        "min": 0.44071806350949033,
        "max": 6.448963568384058
    },
    "2012-10": {
        "avg": 6.134578421458881,
        "min": 0.7563025682705885,
        "max": 10.735287955674178
    },
    "2012-11": {
        "avg": 8.121931851798012,
        "min": 2.692608630770953,
        "max": 38.798518590702436
    },
    "2012-12": {
        "avg": 9.494566301168383,
        "min": 2.757475442402525,
        "max": 15.934409500035567
    },
    "2013-01": {
        "avg": 9.856356329417114,
        "min": 2.0925085780217207,
        "max": 40.79999506618731
    },
    "2013-02": {
        "avg": 5.347499858267397,
        "min": 1.5391813569194495,
        "max": 12.683387178429
    },
    "2013-03": {
        "avg": 4.631501633363634,
        "min": 0.3230371582510883,
        "max": 11.665133266823553
    },
    "2013-04": {
        "avg": 4.9929440588929355,
        "min": 1.1859091116673695,
        "max": 18.5671729296722
    },
    "2013-05": {
        "avg": 3.3934145463944763,
        "min": 0.9022572634972947,
        "max": 6.39976429506425
    },
    "2013-06": {
        "avg": 2.1375994202978794,
        "min": 0.3919027882455869,
        "max": 5.4434775826855795
    },
    "2013-07": {
        "avg": 2.19771029898406,
        "min": 0.29059155953941235,
        "max": 6.420822021407114
    },
    "2013-08": {
        "avg": 1.6499902192004567,
        "min": 0.1431270458966523,
        "max": 4.729670393417772
    },
    "2013-09": {
        "avg": 2.559868817556817,
        "min": 0.394321189252348,
        "max": 6.306143450839997
    },
    "2013-10": {
        "avg": 4.843558140724009,
        "min": 0.5752817575890143,
        "max": 13.372270471730253
    },
    "2013-11": {
        "avg": 7.83332363930434,
        "min": 0.9127894071659864,
        "max": 16.341484428152413
    },
    "2013-12": {
        "avg": 8.982494156988476,
        "min": 1.8473132968568917,
        "max": 19.89970200742477
    },
    "2014-01": {
        "avg": 8.630719475350336,
        "min": 3.0442480532742127,
        "max": 16.908887382254132
    },
    "2014-02": {
        "avg": 5.700442117812614,
        "min": 0.7617055887142375,
        "max": 19.878177015664367
    },
    "2014-03": {
        "avg": 5.435625872223969,
        "min": 0.9681139273273108,
        "max": 10.508492494590262
    },
    "2014-04": {
        "avg": 3.6762872381385128,
        "min": 1.7476018672279292,
        "max": 7.189681645809108
    },
    "2014-05": {
        "avg": 2.7382084095993515,
        "min": 0.19455929719611514,
        "max": 9.130051025001345
    },
    "2014-06": {
        "avg": 2.968244981069937,
        "min": 0.40214343476068243,
        "max": 8.3992101165455
    },
    "2014-07": {
        "avg": 2.557248322987258,
        "min": 0.1559688712655398,
        "max": 10.488646825022471
    },
    "2014-08": {
        "avg": 1.7968247047040233,
        "min": 0.10947467194813454,
        "max": 4.677887418137553
    },
    "2014-09": {
        "avg": 2.6669830864469146,
        "min": 0.0819698465148383,
        "max": 8.157853047169008
    },
    "2014-10": {
        "avg": 7.2388386536017055,
        "min": 1.2147837732063778,
        "max": 15.381614472277052
    },
    "2014-11": {
        "avg": 7.469470031664498,
        "min": 1.2092642338943482,
        "max": 24.483024705165636
    },
    "2014-12": {
        "avg": 8.057983733168713,
        "min": 3.860756026978644,
        "max": 14.84064976554421
    },
    "2015-01": {
        "avg": 8.59792689503531,
        "min": 1.9613381519689495,
        "max": 19.619862508860713
    },
    "2015-02": {
        "avg": 5.697425797819126,
        "min": 1.3649378294693755,
        "max": 14.691727633369622
    },
    "2015-03": {
        "avg": 4.556050377093065,
        "min": 0.3635612447325238,
        "max": 10.448701887844793
    },
    "2015-04": {
        "avg": 3.835760189126642,
        "min": 0.41736837785691483,
        "max": 13.803839223198148
    },
    "2015-05": {
        "avg": 3.6169462664851464,
        "min": 1.2644581994467852,
        "max": 6.854843668807866
    },
    "2015-06": {
        "avg": 2.04404068378264,
        "min": 0.5704569985893853,
        "max": 4.2142704702258005
    },
    "2015-07": {
        "avg": 2.0558325206753585,
        "min": 0.4189669121971503,
        "max": 4.811831855663263
    },
    "2015-08": {
        "avg": 1.1837217813282703,
        "min": 0.05877641300986132,
        "max": 2.5418319364640287
    },
    "2015-09": {
        "avg": 3.1362314976926213,
        "min": 0.16413570127867824,
        "max": 8.221692452318925
    },
    "2015-10": {
        "avg": 6.129895795701479,
        "min": 0.13688251340316515,
        "max": 14.218012671206695
    },
    "2015-11": {
        "avg": 8.4393144121544,
        "min": 1.5537854156243485,
        "max": 24.297562433363918
    },
    "2015-12": {
        "avg": 9.669499103072734,
        "min": 2.2123158524041138,
        "max": 28.694295595701043
    },
    "2016-01": {
        "avg": 8.6234682590706,
        "min": 2.173295613705862,
        "max": 28.64935579062392
    },
    "2016-02": {
        "avg": 5.52740935883063,
        "min": 0.6892131447290643,
        "max": 11.76254288728833
    },
    "2016-03": {
        "avg": 4.987040978587331,
        "min": 1.5591040072341835,
        "max": 10.409370377744818
    },
    "2016-04": {
        "avg": 4.425014556131408,
        "min": 1.7612799838890334,
        "max": 10.083590287570937
    },
    "2016-05": {
        "avg": 2.7853928276585447,
        "min": 0.9776158820809148,
        "max": 5.784934852931118
    },
    "2016-06": {
        "avg": 2.9595437314511415,
        "min": 0.17321596611351897,
        "max": 6.621461142136167
    },
    "2016-07": {
        "avg": 1.955899222022959,
        "min": 0.01394736090929211,
        "max": 5.954151383775752
    },
    "2016-08": {
        "avg": 1.7132873640529311,
        "min": 0.06098807740705868,
        "max": 4.1467818490651895
    },
    "2016-09": {
        "avg": 3.445923630815022,
        "min": 0.35943466366864335,
        "max": 7.14189745982782
    },
    "2016-10": {
        "avg": 6.519871300000809,
        "min": 1.2009012236168612,
        "max": 13.147363290131114
    },
    "2016-11": {
        "avg": 8.918791482445451,
        "min": 3.063551203405134,
        "max": 26.142446910659967
    },
    "2016-12": {
        "avg": 13.062573369925506,
        "min": 3.8012961573817097,
        "max": 90.68520534170301
    },
    "2017-01": {
        "avg": 8.356527412675778,
        "min": 2.4380088608217996,
        "max": 18.039679865219437
    },
    "2017-02": {
        "avg": 6.4008858019402055,
        "min": 0.7051447855057029,
        "max": 32.90177251653187
    },
    "2017-03": {
        "avg": 4.997549770119005,
        "min": 1.9271048984119548,
        "max": 7.96707513230884
    },
    "2017-04": {
        "avg": 4.6889585212107034,
        "min": 0.5903202066710624,
        "max": 10.47240200397407
    },
    "2017-05": {
        "avg": 3.249160248045056,
        "min": 1.3414645468866921,
        "max": 5.734408525616051
    },
    "2017-06": {
        "avg": 2.714593703990757,
        "min": 0.7652465062843533,
        "max": 6.953682339008888
    },
    "2017-07": {
        "avg": 2.2822427568167716,
        "min": 0.2845937974419166,
        "max": 8.328911682677093
    },
    "2017-08": {
        "avg": 1.717873017271356,
        "min": 0.019686672038822177,
        "max": 4.0772385751860005
    },
    "2017-09": {
        "avg": 2.839048836723671,
        "min": 0.23244714518000364,
        "max": 5.030599198573155
    },
    "2017-10": {
        "avg": 5.442428727883477,
        "min": 0.7978696422844588,
        "max": 19.623489072635163
    },